RMSE_Score,Prediction,True_Label,Correct
0.14352919372458758,ANOMALY,BENIGN,False
0.0021188439921819117,NORMAL,BENIGN,True
0.0044290928224152,NORMAL,BENIGN,True
0.006776100236764746,NORMAL,BENIGN,True
0.14352919372458758,ANOMALY,BENIGN,False
0.0004311941282534927,NORMAL,BENIGN,True
0.11343445522687826,ANOMALY,BENIGN,False
0.005484248380958895,NORMAL,BENIGN,True
0.11343445522687826,ANOMALY,BENIGN,False
0.11327647974726977,ANOMALY,BENIGN,False
0.14338804275923184,ANOMALY,BENIGN,False
0.10514383769170194,ANOMALY,BENIGN,False
0.11327647974726977,ANOMALY,BENIGN,False
0.14958354325703405,ANOMALY,BENIGN,False
0.004262480084004697,NORMAL,BENIGN,True
0.10534706910453481,ANOMALY,BENIGN,False
0.0014809532536981735,NORMAL,BENIGN,True
0.10534706910453481,ANOMALY,BENIGN,False
0.00193921481962815,NORMAL,BENIGN,True
0.0009467361258639865,NORMAL,BENIGN,True
0.18777930041273933,ANOMALY,BENIGN,False
0.10534706910453481,ANOMALY,BENIGN,False
0.11297727195648638,ANOMALY,BENIGN,False
0.1323450451464132,ANOMALY,BENIGN,False
0.11343445522687826,ANOMALY,BENIGN,False
0.15272422368273803,ANOMALY,BENIGN,False
0.004262480084004697,NORMAL,BENIGN,True
0.01646501775230144,NORMAL,BENIGN,True
0.11327647974726977,ANOMALY,BENIGN,False
0.14338804275923184,ANOMALY,BENIGN,False
0.14338804275923184,ANOMALY,BENIGN,False
0.0006781779345553332,NORMAL,BENIGN,True
0.14338804275923184,ANOMALY,BENIGN,False
0.14338804275923184,ANOMALY,BENIGN,False
0.14338804275923184,ANOMALY,BENIGN,False
0.0024884531779409344,NORMAL,BENIGN,True
0.14352919372458758,ANOMALY,BENIGN,False
0.14352919372458758,ANOMALY,BENIGN,False
0.1052736605779703,ANOMALY,BENIGN,False
0.002198715186499191,NORMAL,BENIGN,True
0.0034900849375736737,NORMAL,BENIGN,True
0.0033876014150285663,NORMAL,BENIGN,True
0.009607788695173635,NORMAL,BENIGN,True
0.14352919372458758,ANOMALY,BENIGN,False
0.14352919372458758,ANOMALY,BENIGN,False
0.014410845101327079,NORMAL,BENIGN,True
0.003656059931977856,NORMAL,BENIGN,True
0.013562462857821107,NORMAL,BENIGN,True
0.0018806262154183618,NORMAL,BENIGN,True
0.11343445522687826,ANOMALY,BENIGN,False
0.11343445522687826,ANOMALY,BENIGN,False
0.009411315615035873,NORMAL,BENIGN,True
0.14352919372458758,ANOMALY,BENIGN,False
0.005007399475451033,NORMAL,BENIGN,True
0.14352919372458758,ANOMALY,BENIGN,False
0.14352919372458758,ANOMALY,BENIGN,False
3.864115028508347e-06,NORMAL,BENIGN,True
0.009411315615035873,NORMAL,BENIGN,True
0.003709784738893878,NORMAL,BENIGN,True
0.002635909596878594,NORMAL,BENIGN,True
0.006230430610606241,NORMAL,BENIGN,True
0.14352919372458758,ANOMALY,BENIGN,False
0.14352919372458758,ANOMALY,BENIGN,False
0.002403012924605984,NORMAL,BENIGN,True
0.1052736605779703,ANOMALY,BENIGN,False
6.014164186374234e-06,NORMAL,BENIGN,True
0.009607788695173635,NORMAL,BENIGN,True
0.1052736605779703,ANOMALY,BENIGN,False
6.274754430384123e-06,NORMAL,BENIGN,True
0.0030721263282664215,NORMAL,BENIGN,True
0.007200107196593167,NORMAL,BENIGN,True
0.004602776897123523,NORMAL,BENIGN,True
0.005232814878696631,NORMAL,BENIGN,True
0.002715213242203526,NORMAL,BENIGN,True
0.014937079605263486,NORMAL,BENIGN,True
0.10951464046007103,ANOMALY,BENIGN,False
0.004605145578905479,NORMAL,BENIGN,True
0.0092281532520745,NORMAL,BENIGN,True
0.0044202252753671265,NORMAL,BENIGN,True
0.0002970093214825355,NORMAL,BENIGN,True
0.07987040077552564,ANOMALY,BENIGN,False
0.08430289001051765,ANOMALY,BENIGN,False
0.002399132114457333,NORMAL,BENIGN,True
0.0023991321141335967,NORMAL,BENIGN,True
0.002399132114610215,NORMAL,BENIGN,True
0.002399132114048618,NORMAL,BENIGN,True
0.002399132114678602,NORMAL,BENIGN,True
0.10352843140218329,ANOMALY,BENIGN,False
0.007858811089083576,NORMAL,BENIGN,True
0.05237144898106179,ANOMALY,BENIGN,False
0.1433233255349316,ANOMALY,BENIGN,False
0.0026076816042400193,NORMAL,BENIGN,True
0.00029702337925333673,NORMAL,BENIGN,True
6.987378080581e-06,NORMAL,BENIGN,True
0.00029693098703542935,NORMAL,BENIGN,True
0.0002969308639892832,NORMAL,BENIGN,True
0.029957862245675447,ANOMALY,BENIGN,False
0.005365876590421254,NORMAL,BENIGN,True
0.003452133486023247,NORMAL,BENIGN,True
0.012173003734102149,NORMAL,BENIGN,True
0.012187793910258652,NORMAL,BENIGN,True
0.008398302158520552,NORMAL,BENIGN,True
0.007786729095474914,NORMAL,BENIGN,True
0.008726356159558362,NORMAL,BENIGN,True
0.005127737755417536,NORMAL,BENIGN,True
0.00533776342178896,NORMAL,BENIGN,True
0.00645423029498865,NORMAL,BENIGN,True
0.008746006829922407,NORMAL,BENIGN,True
0.05121544427095509,ANOMALY,BENIGN,False
0.001215878332586641,NORMAL,BENIGN,True
0.05121727089896442,ANOMALY,BENIGN,False
0.002062838970679098,NORMAL,BENIGN,True
0.1425432510216879,ANOMALY,BENIGN,False
0.1512559970486952,ANOMALY,BENIGN,False
0.15125600038607853,ANOMALY,BENIGN,False
0.15125605468311226,ANOMALY,BENIGN,False
0.14361654534327656,ANOMALY,BENIGN,False
0.14254042874825193,ANOMALY,BENIGN,False
0.14689818446684666,ANOMALY,BENIGN,False
0.14254071051059133,ANOMALY,BENIGN,False
0.14254245853774572,ANOMALY,BENIGN,False
0.14253766768048773,ANOMALY,BENIGN,False
0.15125656413183686,ANOMALY,BENIGN,False
0.1512564059066975,ANOMALY,BENIGN,False
0.15125587617783703,ANOMALY,BENIGN,False
0.14254294143857935,ANOMALY,BENIGN,False
0.1512558119370943,ANOMALY,BENIGN,False
0.14254331618418936,ANOMALY,BENIGN,False
0.15125603224266104,ANOMALY,BENIGN,False
0.15125578971699954,ANOMALY,BENIGN,False
0.14254299977476437,ANOMALY,BENIGN,False
0.14254004179392754,ANOMALY,BENIGN,False
0.1512565232803039,ANOMALY,BENIGN,False
0.15125758168650788,ANOMALY,BENIGN,False
0.1512505069574353,ANOMALY,BENIGN,False
0.15125762549920102,ANOMALY,BENIGN,False
0.1425409885404158,ANOMALY,BENIGN,False
0.14253913558248968,ANOMALY,BENIGN,False
0.14254098636416965,ANOMALY,BENIGN,False
0.14254287044291625,ANOMALY,BENIGN,False
0.15125606841470052,ANOMALY,BENIGN,False
0.1512562159343977,ANOMALY,BENIGN,False
0.15125534011780778,ANOMALY,BENIGN,False
0.15125648738645708,ANOMALY,BENIGN,False
0.14254298033033289,ANOMALY,BENIGN,False
0.151249975356544,ANOMALY,BENIGN,False
0.15125666195643978,ANOMALY,BENIGN,False
0.14254235072633387,ANOMALY,BENIGN,False
0.15125684310532772,ANOMALY,BENIGN,False
0.1425406635255345,ANOMALY,BENIGN,False
0.15125537622455548,ANOMALY,BENIGN,False
0.15125702745805183,ANOMALY,BENIGN,False
0.15125705846001752,ANOMALY,BENIGN,False
0.14254328760078466,ANOMALY,BENIGN,False
0.1512555784996256,ANOMALY,BENIGN,False
0.15125627817526444,ANOMALY,BENIGN,False
0.15125020057846927,ANOMALY,BENIGN,False
0.15125634739239793,ANOMALY,BENIGN,False
0.15125565737510835,ANOMALY,BENIGN,False
0.1425429823276342,ANOMALY,BENIGN,False
0.15125577736325097,ANOMALY,BENIGN,False
0.15125713416585446,ANOMALY,BENIGN,False
0.15125569916112536,ANOMALY,BENIGN,False
0.15125690384400375,ANOMALY,BENIGN,False
0.14254323804690686,ANOMALY,BENIGN,False
0.1425410044700603,ANOMALY,BENIGN,False
0.1512576730307034,ANOMALY,BENIGN,False
0.15125546387746003,ANOMALY,BENIGN,False
0.1425432936336137,ANOMALY,BENIGN,False
0.15125624035705587,ANOMALY,BENIGN,False
0.1512573585847078,ANOMALY,BENIGN,False
0.15125572060309,ANOMALY,BENIGN,False
0.15125365724709922,ANOMALY,BENIGN,False
0.1512569773873495,ANOMALY,BENIGN,False
0.15125601883446224,ANOMALY,BENIGN,False
0.14361823441531268,ANOMALY,BENIGN,False
0.15125635957467148,ANOMALY,BENIGN,False
0.15125590553476173,ANOMALY,BENIGN,False
0.14254300021701397,ANOMALY,BENIGN,False
0.14254330584880967,ANOMALY,BENIGN,False
0.15125500836185174,ANOMALY,BENIGN,False
0.14254031607279724,ANOMALY,BENIGN,False
0.14254300497778769,ANOMALY,BENIGN,False
0.14689597043366498,ANOMALY,BENIGN,False
0.15125579138517511,ANOMALY,BENIGN,False
0.15125561665293827,ANOMALY,BENIGN,False
0.14253821368160016,ANOMALY,BENIGN,False
0.15125682816591052,ANOMALY,BENIGN,False
0.1512578932800612,ANOMALY,BENIGN,False
0.15125621124424837,ANOMALY,BENIGN,False
0.15125758724199023,ANOMALY,BENIGN,False
0.15125671191907514,ANOMALY,BENIGN,False
0.15125617407814057,ANOMALY,BENIGN,False
0.15125697461467694,ANOMALY,BENIGN,False
0.15125605938842795,ANOMALY,BENIGN,False
0.14254333129796776,ANOMALY,BENIGN,False
0.1512500278145109,ANOMALY,BENIGN,False
0.15125257727815244,ANOMALY,BENIGN,False
0.14689737023161142,ANOMALY,BENIGN,False
0.1425430514610819,ANOMALY,BENIGN,False
0.1512557132269216,ANOMALY,BENIGN,False
0.1512560058217129,ANOMALY,BENIGN,False
0.15125532287939641,ANOMALY,BENIGN,False
0.14254300659096597,ANOMALY,BENIGN,False
0.151256061914384,ANOMALY,BENIGN,False
0.1512564179325068,ANOMALY,BENIGN,False
0.15125634824907525,ANOMALY,BENIGN,False
0.15125866975574548,ANOMALY,BENIGN,False
0.15125722375959877,ANOMALY,BENIGN,False
0.15125636240016993,ANOMALY,BENIGN,False
0.1425404355792062,ANOMALY,BENIGN,False
0.14361672962195918,ANOMALY,BENIGN,False
0.15125599546704693,ANOMALY,BENIGN,False
0.15125534503108612,ANOMALY,BENIGN,False
0.1512556127394566,ANOMALY,BENIGN,False
0.15125637314200785,ANOMALY,BENIGN,False
0.15125685381099124,ANOMALY,BENIGN,False
0.151257306783867,ANOMALY,BENIGN,False
0.1512557198234291,ANOMALY,BENIGN,False
0.15125650974305044,ANOMALY,BENIGN,False
0.15125596200141764,ANOMALY,BENIGN,False
0.15125064003829278,ANOMALY,BENIGN,False
0.15125576363592746,ANOMALY,BENIGN,False
0.15125652796279804,ANOMALY,BENIGN,False
0.1425384479549005,ANOMALY,BENIGN,False
0.007227433268894615,NORMAL,BENIGN,True
0.14254057282493904,ANOMALY,BENIGN,False
0.1512564310197806,ANOMALY,BENIGN,False
0.14689729821500316,ANOMALY,BENIGN,False
0.14254327917023835,ANOMALY,BENIGN,False
0.15125607064004076,ANOMALY,BENIGN,False
0.14254064754594814,ANOMALY,BENIGN,False
0.15125547333190442,ANOMALY,BENIGN,False
0.14361913445936927,ANOMALY,BENIGN,False
0.15125602647919123,ANOMALY,BENIGN,False
0.15125530378740168,ANOMALY,BENIGN,False
0.1425410340257807,ANOMALY,BENIGN,False
0.15125276926305864,ANOMALY,BENIGN,False
0.1425412012116378,ANOMALY,BENIGN,False
0.15125530696243597,ANOMALY,BENIGN,False
0.1512562700535688,ANOMALY,BENIGN,False
0.15125600742279932,ANOMALY,BENIGN,False
0.143620798852571,ANOMALY,BENIGN,False
0.14254055100191604,ANOMALY,BENIGN,False
0.14254329153944748,ANOMALY,BENIGN,False
0.15125662882639984,ANOMALY,BENIGN,False
0.14689710414493323,ANOMALY,BENIGN,False
0.15125494993346628,ANOMALY,BENIGN,False
0.1512559814369012,ANOMALY,BENIGN,False
0.15125597102580746,ANOMALY,BENIGN,False
0.15125626634521694,ANOMALY,BENIGN,False
0.15125629247156147,ANOMALY,BENIGN,False
0.15125585859117813,ANOMALY,BENIGN,False
0.15125569804131367,ANOMALY,BENIGN,False
0.1425407880353025,ANOMALY,BENIGN,False
0.1425412448387777,ANOMALY,BENIGN,False
0.1425429400662249,ANOMALY,BENIGN,False
0.15125507542067834,ANOMALY,BENIGN,False
0.14254329760792317,ANOMALY,BENIGN,False
0.15125016279328923,ANOMALY,BENIGN,False
0.15125686845466363,ANOMALY,BENIGN,False
0.14254334756709677,ANOMALY,BENIGN,False
0.0003696921259420333,NORMAL,BENIGN,True
0.1425429172042844,ANOMALY,BENIGN,False
0.151255146283348,ANOMALY,BENIGN,False
0.15125758945052828,ANOMALY,BENIGN,False
0.15125653585819904,ANOMALY,BENIGN,False
0.1512554328379281,ANOMALY,BENIGN,False
0.1512554387933721,ANOMALY,BENIGN,False
0.15125244858403034,ANOMALY,BENIGN,False
0.15125615672599127,ANOMALY,BENIGN,False
0.14254119466479387,ANOMALY,BENIGN,False
0.15125582918540234,ANOMALY,BENIGN,False
0.14689836465407174,ANOMALY,BENIGN,False
0.15125761237559576,ANOMALY,BENIGN,False
0.14300013692418817,ANOMALY,BENIGN,False
0.15125575079719716,ANOMALY,BENIGN,False
0.14254074041750547,ANOMALY,BENIGN,False
0.15125602677697786,ANOMALY,BENIGN,False
0.15125750273716157,ANOMALY,BENIGN,False
0.15125520105133028,ANOMALY,BENIGN,False
0.1512603594292768,ANOMALY,BENIGN,False
0.15125691767665123,ANOMALY,BENIGN,False
0.14254119788760442,ANOMALY,BENIGN,False
0.1512525989962104,ANOMALY,BENIGN,False
0.14361680186039216,ANOMALY,BENIGN,False
0.15125597175968503,ANOMALY,BENIGN,False
0.15125508830736645,ANOMALY,BENIGN,False
0.15125765531852498,ANOMALY,BENIGN,False
0.15125575876129682,ANOMALY,BENIGN,False
0.15125572985322308,ANOMALY,BENIGN,False
0.15125607949871422,ANOMALY,BENIGN,False
0.15125716619454466,ANOMALY,BENIGN,False
0.14254296769691377,ANOMALY,BENIGN,False
0.15125526229177982,ANOMALY,BENIGN,False
0.151252612006182,ANOMALY,BENIGN,False
0.15125764775742373,ANOMALY,BENIGN,False
0.15125675708266142,ANOMALY,BENIGN,False
0.15125722714148432,ANOMALY,BENIGN,False
0.15125720544153082,ANOMALY,BENIGN,False
0.14254327260402522,ANOMALY,BENIGN,False
0.1512546649706687,ANOMALY,BENIGN,False
0.15125598351777692,ANOMALY,BENIGN,False
0.15125597771460692,ANOMALY,BENIGN,False
0.14254067605138035,ANOMALY,BENIGN,False
0.14254299556977112,ANOMALY,BENIGN,False
0.1425407136697739,ANOMALY,BENIGN,False
0.14254123270418745,ANOMALY,BENIGN,False
0.15125603046498537,ANOMALY,BENIGN,False
0.1512530947477661,ANOMALY,BENIGN,False
0.15125396986180822,ANOMALY,BENIGN,False
0.1425435791469469,ANOMALY,BENIGN,False
0.1468985808454098,ANOMALY,BENIGN,False
0.15125749473106143,ANOMALY,BENIGN,False
0.1512526985571228,ANOMALY,BENIGN,False
0.1512562169399893,ANOMALY,BENIGN,False
0.15125587705022914,ANOMALY,BENIGN,False
0.15125635640709453,ANOMALY,BENIGN,False
0.15125760953229192,ANOMALY,BENIGN,False
0.15125579602230793,ANOMALY,BENIGN,False
0.1468965997513342,ANOMALY,BENIGN,False
0.15125262904627657,ANOMALY,BENIGN,False
0.15125597426185208,ANOMALY,BENIGN,False
0.15125580424270132,ANOMALY,BENIGN,False
0.15125505768359818,ANOMALY,BENIGN,False
0.14254335281991473,ANOMALY,BENIGN,False
0.15125553532162445,ANOMALY,BENIGN,False
0.15125535217402952,ANOMALY,BENIGN,False
0.15125250957949493,ANOMALY,BENIGN,False
0.15125258239183131,ANOMALY,BENIGN,False
0.15125629716835604,ANOMALY,BENIGN,False
0.14407153257755928,ANOMALY,BENIGN,False
0.14361937551763604,ANOMALY,BENIGN,False
0.15125622366810848,ANOMALY,BENIGN,False
0.15125587922948203,ANOMALY,BENIGN,False
0.00036978667949776983,NORMAL,BENIGN,True
0.15125281208014957,ANOMALY,BENIGN,False
0.14254068816590929,ANOMALY,BENIGN,False
0.14689925218594047,ANOMALY,BENIGN,False
0.15125511095146849,ANOMALY,BENIGN,False
0.15125671720700917,ANOMALY,BENIGN,False
0.1425429458650965,ANOMALY,BENIGN,False
0.15125561825449613,ANOMALY,BENIGN,False
0.14254298068756857,ANOMALY,BENIGN,False
0.14254297142520778,ANOMALY,BENIGN,False
0.15125560865057464,ANOMALY,BENIGN,False
0.1425412324985315,ANOMALY,BENIGN,False
0.1512562783487446,ANOMALY,BENIGN,False
0.15125606802206876,ANOMALY,BENIGN,False
0.15125715531161676,ANOMALY,BENIGN,False
0.15125254831533302,ANOMALY,BENIGN,False
0.1425413891880008,ANOMALY,BENIGN,False
0.15125704514257446,ANOMALY,BENIGN,False
0.15125631824011132,ANOMALY,BENIGN,False
0.15125009726657776,ANOMALY,BENIGN,False
0.15125575048546805,ANOMALY,BENIGN,False
0.15125680368919137,ANOMALY,BENIGN,False
0.1512560771287637,ANOMALY,BENIGN,False
0.15125603536802534,ANOMALY,BENIGN,False
0.15125674909014764,ANOMALY,BENIGN,False
0.14254328090839477,ANOMALY,BENIGN,False
0.1425430576477397,ANOMALY,BENIGN,False
0.14254073710278298,ANOMALY,BENIGN,False
0.1512559705204205,ANOMALY,BENIGN,False
0.1512556628838277,ANOMALY,BENIGN,False
0.15125608107837574,ANOMALY,BENIGN,False
0.14254030453852246,ANOMALY,BENIGN,False
0.15125605161070982,ANOMALY,BENIGN,False
0.15125759847259407,ANOMALY,BENIGN,False
0.15125751057580522,ANOMALY,BENIGN,False
0.1512557858570206,ANOMALY,BENIGN,False
0.14361743330346796,ANOMALY,BENIGN,False
0.14254333602229685,ANOMALY,BENIGN,False
0.15125742821178223,ANOMALY,BENIGN,False
0.14254300042023993,ANOMALY,BENIGN,False
0.14254128723373355,ANOMALY,BENIGN,False
0.15125628619773415,ANOMALY,BENIGN,False
0.1425410193114277,ANOMALY,BENIGN,False
0.1512559708304012,ANOMALY,BENIGN,False
0.15125511466258462,ANOMALY,BENIGN,False
0.15125577602165935,ANOMALY,BENIGN,False
0.15125482389597183,ANOMALY,BENIGN,False
0.14254122870392028,ANOMALY,BENIGN,False
0.151256237944641,ANOMALY,BENIGN,False
0.002852398917975715,NORMAL,BENIGN,True
0.11176131813921865,ANOMALY,BENIGN,False
0.009396055799729328,NORMAL,BENIGN,True
8.833127540563553e-06,NORMAL,BENIGN,True
8.822399671600605e-06,NORMAL,BENIGN,True
8.829950760662287e-06,NORMAL,BENIGN,True
8.831045127515146e-06,NORMAL,BENIGN,True
8.825862003314737e-06,NORMAL,BENIGN,True
8.822787718370036e-06,NORMAL,BENIGN,True
8.832484331862833e-06,NORMAL,BENIGN,True
8.827749683211445e-06,NORMAL,BENIGN,True
8.83416951880649e-06,NORMAL,BENIGN,True
8.338273659297968e-06,NORMAL,BENIGN,True
8.827463172121212e-06,NORMAL,BENIGN,True
8.877611569704976e-06,NORMAL,BENIGN,True
8.828444369852402e-06,NORMAL,BENIGN,True
8.833635673856176e-06,NORMAL,BENIGN,True
0.12848020496859622,ANOMALY,BENIGN,False
0.002502445400810179,NORMAL,BENIGN,True
0.002502445170061141,NORMAL,BENIGN,True
0.14330872070550862,ANOMALY,BENIGN,False
0.1308346824510174,ANOMALY,BENIGN,False
0.005590029140843872,NORMAL,BENIGN,True
0.003662709050593584,NORMAL,BENIGN,True
0.004009193973409662,NORMAL,BENIGN,True
0.005709011800979123,NORMAL,BENIGN,True
0.0036388762220404916,NORMAL,BENIGN,True
0.005647168379522371,NORMAL,BENIGN,True
0.005127944924197219,NORMAL,BENIGN,True
0.005757975199720463,NORMAL,BENIGN,True
0.005934931277569688,NORMAL,BENIGN,True
0.004001370546654411,NORMAL,BENIGN,True
0.0035527134420853057,NORMAL,BENIGN,True
0.0048127759021972406,NORMAL,BENIGN,True
0.0056219998630923675,NORMAL,BENIGN,True
0.0037600799015531385,NORMAL,BENIGN,True
0.005664285652376615,NORMAL,BENIGN,True
0.0036488707020447546,NORMAL,BENIGN,True
0.005678807385743037,NORMAL,BENIGN,True
0.003928786152623603,NORMAL,BENIGN,True
0.0036557149409797082,NORMAL,BENIGN,True
0.005668321064439327,NORMAL,BENIGN,True
0.003935609255775915,NORMAL,BENIGN,True
0.005514648179875729,NORMAL,BENIGN,True
0.0036577467048617856,NORMAL,BENIGN,True
0.0055816066338457496,NORMAL,BENIGN,True
0.003632388635606982,NORMAL,BENIGN,True
0.007017903873808226,NORMAL,BENIGN,True
0.003673490762304448,NORMAL,BENIGN,True
0.0055950942509744184,NORMAL,BENIGN,True
0.005602400686073498,NORMAL,BENIGN,True
0.005321304011199254,NORMAL,BENIGN,True
0.003487449147897677,NORMAL,BENIGN,True
0.005481312769447542,NORMAL,BENIGN,True
0.005568359319445342,NORMAL,BENIGN,True
0.0034653296481882657,NORMAL,BENIGN,True
0.003704057715554184,NORMAL,BENIGN,True
0.005605820184458558,NORMAL,BENIGN,True
0.0021362802798377367,NORMAL,BENIGN,True
0.07835946627441871,ANOMALY,BENIGN,False
6.925556538358891e-06,NORMAL,BENIGN,True
0.0016096605361697474,NORMAL,BENIGN,True
6.918770371215237e-06,NORMAL,BENIGN,True
0.02889357467169647,ANOMALY,BENIGN,False
6.918964476084202e-06,NORMAL,BENIGN,True
6.918903038671268e-06,NORMAL,BENIGN,True
0.001609660534650864,NORMAL,BENIGN,True
0.0016096605346549748,NORMAL,BENIGN,True
8.840594268434233e-06,NORMAL,BENIGN,True
0.00941945365496694,NORMAL,BENIGN,True
0.002852398917975715,NORMAL,BENIGN,True
0.004223183304050711,NORMAL,BENIGN,True
0.001890611580327561,NORMAL,BENIGN,True
8.838571668421462e-06,NORMAL,BENIGN,True
8.840060935382686e-06,NORMAL,BENIGN,True
8.837810435811605e-06,NORMAL,BENIGN,True
0.07423330223537784,ANOMALY,BENIGN,False
0.00959221118810021,NORMAL,BENIGN,True
0.1039136214225205,ANOMALY,BENIGN,False
0.002136280747123877,NORMAL,BENIGN,True
0.03047164399827992,ANOMALY,BENIGN,False
0.0021362807470069888,NORMAL,BENIGN,True
0.002136280746798659,NORMAL,BENIGN,True
0.03039344515721656,ANOMALY,BENIGN,False
0.03036516448665947,ANOMALY,BENIGN,False
0.0025024455033904646,NORMAL,BENIGN,True
0.0025024434887062044,NORMAL,BENIGN,True
0.06884434370911204,ANOMALY,BENIGN,False
0.09104749115400282,ANOMALY,BENIGN,False
0.09069810451568933,ANOMALY,BENIGN,False
0.006177939054404012,NORMAL,BENIGN,True
0.004823623134247993,NORMAL,BENIGN,True
0.00575799408826453,NORMAL,BENIGN,True
0.00604105526804131,NORMAL,BENIGN,True
0.005127975653730537,NORMAL,BENIGN,True
0.004286201024342896,NORMAL,BENIGN,True
0.005438725249942622,NORMAL,BENIGN,True
0.005443488691377956,NORMAL,BENIGN,True
0.004655276217439707,NORMAL,BENIGN,True
0.004025253426736427,NORMAL,BENIGN,True
7.867556303366614e-06,NORMAL,BENIGN,True
8.264744820109503e-06,NORMAL,BENIGN,True
7.892413129261251e-06,NORMAL,BENIGN,True
7.872267286049486e-06,NORMAL,BENIGN,True
0.03831458205221413,ANOMALY,BENIGN,False
0.006597829555148444,NORMAL,BENIGN,True
0.15602624767331,ANOMALY,BENIGN,False
0.15602631710953452,ANOMALY,BENIGN,False
0.09115789675516199,ANOMALY,BENIGN,False
0.0031849797808448294,NORMAL,BENIGN,True
0.003972653784672524,NORMAL,BENIGN,True
0.005757738628474879,NORMAL,BENIGN,True
0.00581027446211862,NORMAL,BENIGN,True
0.005232667674514617,NORMAL,BENIGN,True
0.005390186007142463,NORMAL,BENIGN,True
0.005757735503146647,NORMAL,BENIGN,True
0.005285192094182999,NORMAL,BENIGN,True
0.0037625942439257994,NORMAL,BENIGN,True
0.003920126190373639,NORMAL,BENIGN,True
0.007910341277963171,NORMAL,BENIGN,True
0.03842748432254844,ANOMALY,BENIGN,False
0.005757738763704011,NORMAL,BENIGN,True
0.003920041805730019,NORMAL,BENIGN,True
0.005232681157223844,NORMAL,BENIGN,True
0.005600179086247923,NORMAL,BENIGN,True
0.012477859834585813,NORMAL,BENIGN,True
0.006492834031447569,NORMAL,BENIGN,True
0.010850391754289111,NORMAL,BENIGN,True
0.005781112281294977,NORMAL,BENIGN,True
0.005495190224518549,NORMAL,BENIGN,True
0.004760127840831057,NORMAL,BENIGN,True
0.00927544984123851,NORMAL,BENIGN,True
0.005862737772311151,NORMAL,BENIGN,True
0.015522564322161786,NORMAL,BENIGN,True
0.006807780556377979,NORMAL,BENIGN,True
0.006230215851565599,NORMAL,BENIGN,True
0.02201579859669777,ANOMALY,BENIGN,False
0.008278003345893308,NORMAL,BENIGN,True
0.003867553569659435,NORMAL,BENIGN,True
0.00848797956679893,NORMAL,BENIGN,True
0.007332812143747275,NORMAL,BENIGN,True
0.005337710584056874,NORMAL,BENIGN,True
0.002922418768331854,NORMAL,BENIGN,True
0.005180153357492814,NORMAL,BENIGN,True
0.00906543435582735,NORMAL,BENIGN,True
0.0035000505497721998,NORMAL,BENIGN,True
0.039370867885928515,ANOMALY,BENIGN,False
0.0032374917187097778,NORMAL,BENIGN,True
0.008540534113317266,NORMAL,BENIGN,True
0.0035000405708055992,NORMAL,BENIGN,True
0.005547698822221364,NORMAL,BENIGN,True
0.0077528532948314445,NORMAL,BENIGN,True
0.005862734476601372,NORMAL,BENIGN,True
0.01069290921698912,NORMAL,BENIGN,True
0.006282813675141022,NORMAL,BENIGN,True
0.006387869791089115,NORMAL,BENIGN,True
0.0068603218457067745,NORMAL,BENIGN,True
0.003552551598796945,NORMAL,BENIGN,True
0.09427610088726027,ANOMALY,BENIGN,False
0.005495207592800524,NORMAL,BENIGN,True
0.041612561697444046,ANOMALY,BENIGN,False
0.0033425070920553883,NORMAL,BENIGN,True
0.006492804631813475,NORMAL,BENIGN,True
0.005547668749559241,NORMAL,BENIGN,True
0.031035367019492787,ANOMALY,BENIGN,False
0.0032900034811210992,NORMAL,BENIGN,True
0.006125276991299205,NORMAL,BENIGN,True
0.012110368296370988,NORMAL,BENIGN,True
0.004707705736854639,NORMAL,BENIGN,True
0.007700321348377627,NORMAL,BENIGN,True
0.0031849769012960525,NORMAL,BENIGN,True
0.003290003793714631,NORMAL,BENIGN,True
0.006702832683309297,NORMAL,BENIGN,True
0.006755295822938697,NORMAL,BENIGN,True
0.006335323018042909,NORMAL,BENIGN,True
0.027361545996213495,ANOMALY,BENIGN,False
0.008908029577431129,NORMAL,BENIGN,True
0.004707635748515049,NORMAL,BENIGN,True
0.03935478664481378,ANOMALY,BENIGN,False
0.006125290247852468,NORMAL,BENIGN,True
0.03931469938888846,ANOMALY,BENIGN,False
0.0072803886889429275,NORMAL,BENIGN,True
0.020589788392498372,ANOMALY,BENIGN,False
0.00728040031103646,NORMAL,BENIGN,True
0.006072793848957195,NORMAL,BENIGN,True
0.0075428579610242,NORMAL,BENIGN,True
0.0031324639319767504,NORMAL,BENIGN,True
0.008225504690007898,NORMAL,BENIGN,True
0.005127639013638354,NORMAL,BENIGN,True
0.0039200538277473105,NORMAL,BENIGN,True
0.005915231305240758,NORMAL,BENIGN,True
0.011322874703457981,NORMAL,BENIGN,True
0.005337669450869543,NORMAL,BENIGN,True
0.038948242553137065,ANOMALY,BENIGN,False
0.003732290498445872,NORMAL,BENIGN,True
0.004760145430465365,NORMAL,BENIGN,True
0.011480363312605598,NORMAL,BENIGN,True
0.00722784630509062,NORMAL,BENIGN,True
0.005810246779812869,NORMAL,BENIGN,True
0.007280349402529879,NORMAL,BENIGN,True
0.0326650310033209,ANOMALY,BENIGN,False
0.011165370459273375,NORMAL,BENIGN,True
0.003657571318682163,NORMAL,BENIGN,True
0.05549745952665168,ANOMALY,BENIGN,False
0.011322870508542636,NORMAL,BENIGN,True
0.0053376773758831,NORMAL,BENIGN,True
0.0048126203214119345,NORMAL,BENIGN,True
0.007280344794496114,NORMAL,BENIGN,True
0.005757742325336989,NORMAL,BENIGN,True
0.005839919488643693,NORMAL,BENIGN,True
0.006145347941972977,NORMAL,BENIGN,True
0.007490304682935914,NORMAL,BENIGN,True
0.00633530613414693,NORMAL,BENIGN,True
0.004340135174909095,NORMAL,BENIGN,True
0.005652682837044629,NORMAL,BENIGN,True
0.0034475294762617804,NORMAL,BENIGN,True
0.0030799515231024143,NORMAL,BENIGN,True
0.003762596639504939,NORMAL,BENIGN,True
0.004182603341173434,NORMAL,BENIGN,True
0.00812037254389659,NORMAL,BENIGN,True
0.004077583043575243,NORMAL,BENIGN,True
0.00869800284912938,NORMAL,BENIGN,True
0.005862738280657342,NORMAL,BENIGN,True
0.0053377023604066105,NORMAL,BENIGN,True
0.006597767926369201,NORMAL,BENIGN,True
0.005810219392897239,NORMAL,BENIGN,True
0.005810219388963716,NORMAL,BENIGN,True
0.01490189999927904,NORMAL,BENIGN,True
0.0061253414724314085,NORMAL,BENIGN,True
0.00581027406938513,NORMAL,BENIGN,True
0.00638784407662793,NORMAL,BENIGN,True
0.006177727909424025,NORMAL,BENIGN,True
0.008330517595582718,NORMAL,BENIGN,True
0.0058627595849805765,NORMAL,BENIGN,True
0.01169045981242068,NORMAL,BENIGN,True
0.012582862430247914,NORMAL,BENIGN,True
0.0064402854041591346,NORMAL,BENIGN,True
0.01270407852942863,NORMAL,BENIGN,True
0.0031849795365614508,NORMAL,BENIGN,True
0.008802996996183405,NORMAL,BENIGN,True
0.005705222684538044,NORMAL,BENIGN,True
0.0043926436699991776,NORMAL,BENIGN,True
0.0037626086241613903,NORMAL,BENIGN,True
0.006030921962252694,NORMAL,BENIGN,True
0.0064927928055386564,NORMAL,BENIGN,True
0.012069795021340321,NORMAL,BENIGN,True
0.01221538072680054,NORMAL,BENIGN,True
0.007437822452954406,NORMAL,BENIGN,True
0.0035525624922890077,NORMAL,BENIGN,True
0.004760143944604495,NORMAL,BENIGN,True
0.006807789355260829,NORMAL,BENIGN,True
0.0061252406740023545,NORMAL,BENIGN,True
0.006125286602125241,NORMAL,BENIGN,True
0.0049176403411808805,NORMAL,BENIGN,True
0.009117899959274945,NORMAL,BENIGN,True
0.008750409177784408,NORMAL,BENIGN,True
0.029659134616614045,ANOMALY,BENIGN,False
0.009696787002903993,NORMAL,BENIGN,True
0.0035525625122384795,NORMAL,BENIGN,True
0.01887348961719762,NORMAL,BENIGN,True
0.007490324819331664,NORMAL,BENIGN,True
0.00859289484626651,NORMAL,BENIGN,True
0.005547702804598146,NORMAL,BENIGN,True
0.06298385718580628,ANOMALY,BENIGN,False
0.005390181914517583,NORMAL,BENIGN,True
0.004917637913150526,NORMAL,BENIGN,True
0.004130071523222896,NORMAL,BENIGN,True
0.01335505808199817,NORMAL,BENIGN,True
0.005810221840212944,NORMAL,BENIGN,True
0.007070444622196131,NORMAL,BENIGN,True
0.0063877544670681964,NORMAL,BENIGN,True
0.008172873135747254,NORMAL,BENIGN,True
0.006440235933370287,NORMAL,BENIGN,True
0.01095556070673287,NORMAL,BENIGN,True
0.0031324680368995236,NORMAL,BENIGN,True
0.008540495495020803,NORMAL,BENIGN,True
0.027772099303802165,ANOMALY,BENIGN,False
0.005705223517831451,NORMAL,BENIGN,True
0.006492804271407503,NORMAL,BENIGN,True
0.01602477218439733,NORMAL,BENIGN,True
0.010212810349866205,NORMAL,BENIGN,True
0.018672054511980368,NORMAL,BENIGN,True
0.005915247702935561,NORMAL,BENIGN,True
0.010692907484295123,NORMAL,BENIGN,True
0.004812622482024797,NORMAL,BENIGN,True
0.0067027685519524495,NORMAL,BENIGN,True
0.008015332620832183,NORMAL,BENIGN,True
0.0058627101841019135,NORMAL,BENIGN,True
0.006860287130880634,NORMAL,BENIGN,True
0.08621507868004077,ANOMALY,BENIGN,False
0.004497589035489561,NORMAL,BENIGN,True
0.04510101730155316,ANOMALY,BENIGN,False
0.00707028825039713,NORMAL,BENIGN,True
0.008015348471178527,NORMAL,BENIGN,True
0.005915269236026502,NORMAL,BENIGN,True
0.005810243681520627,NORMAL,BENIGN,True
0.003710097533980796,NORMAL,BENIGN,True
0.003657573529435633,NORMAL,BENIGN,True
0.005757738620295467,NORMAL,BENIGN,True
0.039954920714993986,ANOMALY,BENIGN,False
0.008330373461379883,NORMAL,BENIGN,True
0.005967746830291123,NORMAL,BENIGN,True
0.0070702945205420075,NORMAL,BENIGN,True
0.00691288364741335,NORMAL,BENIGN,True
0.034079215878614066,ANOMALY,BENIGN,False
0.0030274401804697305,NORMAL,BENIGN,True
0.005705189460218471,NORMAL,BENIGN,True
0.005915213646289085,NORMAL,BENIGN,True
0.00612540672669034,NORMAL,BENIGN,True
0.011637863498088404,NORMAL,BENIGN,True
0.005568450157875027,NORMAL,BENIGN,True
0.009328053822054183,NORMAL,BENIGN,True
0.040389882419554345,ANOMALY,BENIGN,False
0.007490352571997006,NORMAL,BENIGN,True
0.0037099921292667094,NORMAL,BENIGN,True
0.0061253421472032945,NORMAL,BENIGN,True
0.003079951516034606,NORMAL,BENIGN,True
0.005285157947684675,NORMAL,BENIGN,True
0.003972640456630161,NORMAL,BENIGN,True
0.004602685718310397,NORMAL,BENIGN,True
0.010850553113257428,NORMAL,BENIGN,True
0.005232668666804988,NORMAL,BENIGN,True
0.0046026203965161445,NORMAL,BENIGN,True
0.006072753652864016,NORMAL,BENIGN,True
0.005915268345718709,NORMAL,BENIGN,True
0.008435388369539505,NORMAL,BENIGN,True
0.006282859745035439,NORMAL,BENIGN,True
0.007031779027974994,NORMAL,BENIGN,True
0.003996814023630581,NORMAL,BENIGN,True
0.002399132210050135,NORMAL,BENIGN,True
0.04572776114049102,ANOMALY,BENIGN,False
6.08011152638001e-06,NORMAL,BENIGN,True
6.080115723851641e-06,NORMAL,BENIGN,True
0.09371168391769195,ANOMALY,BENIGN,False
0.0938076455695496,ANOMALY,BENIGN,False
0.003929581174611527,NORMAL,BENIGN,True
0.03031833550577515,ANOMALY,BENIGN,False
0.09432920881285684,ANOMALY,BENIGN,False
0.002849925223348639,NORMAL,BENIGN,True
0.1455404108791244,ANOMALY,BENIGN,False
0.0024640418367523407,NORMAL,BENIGN,True
0.0023991322102055557,NORMAL,BENIGN,True
0.002399132485802675,NORMAL,BENIGN,True
0.07734310419542555,ANOMALY,BENIGN,False
0.0799220547950187,ANOMALY,BENIGN,False
0.09340380898711234,ANOMALY,BENIGN,False
0.1441457026275655,ANOMALY,BENIGN,False
0.09375160182047233,ANOMALY,BENIGN,False
0.09340837684894082,ANOMALY,BENIGN,False
0.14345643405778474,ANOMALY,BENIGN,False
0.15117751401377982,ANOMALY,BENIGN,False
0.08305125141708908,ANOMALY,BENIGN,False
0.14845574325312677,ANOMALY,BENIGN,False
0.1433207676982766,ANOMALY,BENIGN,False
0.07640542151942714,ANOMALY,BENIGN,False
0.15459935538041836,ANOMALY,BENIGN,False
0.15371296593741404,ANOMALY,BENIGN,False
0.14421957389936688,ANOMALY,BENIGN,False
0.12051371142418861,ANOMALY,BENIGN,False
0.09479570616062792,ANOMALY,BENIGN,False
0.14430178820712955,ANOMALY,BENIGN,False
0.09278179131330187,ANOMALY,BENIGN,False
0.09438320304893837,ANOMALY,BENIGN,False
0.03283557889293277,ANOMALY,BENIGN,False
0.13841575318007857,ANOMALY,BENIGN,False
0.06518488320912796,ANOMALY,BENIGN,False
0.06428983031011626,ANOMALY,BENIGN,False
0.07640563863911475,ANOMALY,BENIGN,False
0.08337094937266404,ANOMALY,BENIGN,False
6.447720004054209e-06,NORMAL,BENIGN,True
0.08231573735785709,ANOMALY,BENIGN,False
0.07744712795073874,ANOMALY,BENIGN,False
0.135671375856615,ANOMALY,BENIGN,False
0.07433219445384567,ANOMALY,BENIGN,False
0.09336416602853337,ANOMALY,BENIGN,False
0.0933572079901672,ANOMALY,BENIGN,False
0.10204894967128508,ANOMALY,BENIGN,False
0.09461896088949427,ANOMALY,BENIGN,False
0.08187594389542437,ANOMALY,BENIGN,False
0.1433667861165998,ANOMALY,BENIGN,False
0.14332071360088616,ANOMALY,BENIGN,False
0.14332078407525284,ANOMALY,BENIGN,False
0.008089344101398962,NORMAL,BENIGN,True
0.14074017253426352,ANOMALY,BENIGN,False
0.14199004694840064,ANOMALY,BENIGN,False
0.14332244745650255,ANOMALY,BENIGN,False
0.07640544526379651,ANOMALY,BENIGN,False
0.14043864234946438,ANOMALY,BENIGN,False
0.09921460346707088,ANOMALY,BENIGN,False
0.0029044369776666567,NORMAL,BENIGN,True
4.800145544949899e-05,NORMAL,BENIGN,True
0.030314310800118403,ANOMALY,BENIGN,False
0.07603326967526908,ANOMALY,BENIGN,False
0.07485089545062248,ANOMALY,BENIGN,False
0.07485314002760726,ANOMALY,BENIGN,False
0.07604544726154808,ANOMALY,BENIGN,False
0.04003896102966254,ANOMALY,BENIGN,False
0.04848568523281243,ANOMALY,BENIGN,False
0.143579089411412,ANOMALY,BENIGN,False
0.0031888555311961764,NORMAL,BENIGN,True
0.09334219604005033,ANOMALY,BENIGN,False
0.003929581174611527,NORMAL,BENIGN,True
0.04510662373783948,ANOMALY,BENIGN,False
3.9828625504899886e-06,NORMAL,BENIGN,True
0.04505394580310269,ANOMALY,BENIGN,False
6.313810306370204e-06,NORMAL,BENIGN,True
0.0002970088467941336,NORMAL,BENIGN,True
0.04505397056098926,ANOMALY,BENIGN,False
0.04510636089176703,ANOMALY,BENIGN,False
6.566496031372479e-06,NORMAL,BENIGN,True
6.55044042345522e-06,NORMAL,BENIGN,True
6.758050209142942e-06,NORMAL,BENIGN,True
0.045053941533908716,ANOMALY,BENIGN,False
6.199800040720597e-06,NORMAL,BENIGN,True
0.0451063570360406,ANOMALY,BENIGN,False
7.658697217139409e-06,NORMAL,BENIGN,True
0.04510634559971118,ANOMALY,BENIGN,False
7.560074013641121e-06,NORMAL,BENIGN,True
0.045053979491100044,ANOMALY,BENIGN,False
6.758370134366208e-06,NORMAL,BENIGN,True
0.07645817477559361,ANOMALY,BENIGN,False
7.114915594322056e-06,NORMAL,BENIGN,True
0.010835495816368583,NORMAL,BENIGN,True
0.003736873880538518,NORMAL,BENIGN,True
0.14443586380367718,ANOMALY,BENIGN,False
0.0764074902811751,ANOMALY,BENIGN,False
6.240698282022704e-06,NORMAL,BENIGN,True
0.02225997384768203,ANOMALY,BENIGN,False
6.512798644142592e-06,NORMAL,BENIGN,True
0.02173777898854792,ANOMALY,BENIGN,False
3.1875845836476235e-06,NORMAL,BENIGN,True
0.09239996048401425,ANOMALY,BENIGN,False
0.11507503480172489,ANOMALY,BENIGN,False
7.133672934511188e-06,NORMAL,BENIGN,True
0.09338867795473232,ANOMALY,BENIGN,False
0.0027694920493266666,NORMAL,BENIGN,True
0.08280926838535603,ANOMALY,BENIGN,False
0.08280982162569296,ANOMALY,BENIGN,False
0.10700139850780126,ANOMALY,BENIGN,False
0.11342072020187091,ANOMALY,BENIGN,False
0.09339128363361723,ANOMALY,BENIGN,False
0.11283094074492336,ANOMALY,BENIGN,False
0.09333472392777391,ANOMALY,BENIGN,False
0.09341620128480835,ANOMALY,BENIGN,False
0.07474576544993382,ANOMALY,BENIGN,False
0.07679219249632027,ANOMALY,BENIGN,False
0.06450143331050037,ANOMALY,BENIGN,False
0.06433828083649906,ANOMALY,BENIGN,False
0.09334760703551506,ANOMALY,BENIGN,False
0.005181472312797794,NORMAL,BENIGN,True
0.003749106160420154,NORMAL,BENIGN,True
0.005232973421879916,NORMAL,BENIGN,True
0.004708202788565774,NORMAL,BENIGN,True
0.0043352591141146745,NORMAL,BENIGN,True
0.005968148011559485,NORMAL,BENIGN,True
0.006913193863715709,NORMAL,BENIGN,True
0.004100393790200152,NORMAL,BENIGN,True
0.0048136656882348345,NORMAL,BENIGN,True
0.0041609095476173455,NORMAL,BENIGN,True
0.006268252700278048,NORMAL,BENIGN,True
0.005181468196910479,NORMAL,BENIGN,True
0.0042366933989722135,NORMAL,BENIGN,True
0.0037541338061222907,NORMAL,BENIGN,True
0.007333560695118349,NORMAL,BENIGN,True
0.004708918544716597,NORMAL,BENIGN,True
0.003843450797884995,NORMAL,BENIGN,True
0.0033451607133224413,NORMAL,BENIGN,True
0.00507628185635964,NORMAL,BENIGN,True
0.007279060825653287,NORMAL,BENIGN,True
0.004261894416445305,NORMAL,BENIGN,True
0.004060048346643592,NORMAL,BENIGN,True
0.005181472540869774,NORMAL,BENIGN,True
0.0033437070141039893,NORMAL,BENIGN,True
0.00481337675426933,NORMAL,BENIGN,True
0.004655277314442988,NORMAL,BENIGN,True
0.007161787299668902,NORMAL,BENIGN,True
0.006230327347172885,NORMAL,BENIGN,True
0.010270991543413805,NORMAL,BENIGN,True
0.005211084172478414,NORMAL,BENIGN,True
0.0032902156609628743,NORMAL,BENIGN,True
0.004182712449599134,NORMAL,BENIGN,True
0.004917773624416303,NORMAL,BENIGN,True
0.010273436549343996,NORMAL,BENIGN,True
0.0059171213272189195,NORMAL,BENIGN,True
0.00818867760468012,NORMAL,BENIGN,True
0.004428327921166337,NORMAL,BENIGN,True
0.007064727750566879,NORMAL,BENIGN,True
0.004148476900534613,NORMAL,BENIGN,True
0.005488348982197577,NORMAL,BENIGN,True
0.004168643889151997,NORMAL,BENIGN,True
0.00398608259173727,NORMAL,BENIGN,True
0.003943886242518604,NORMAL,BENIGN,True
0.002346107966665047,NORMAL,BENIGN,True
0.0037090235013120276,NORMAL,BENIGN,True
0.011900902265259616,NORMAL,BENIGN,True
0.008917417825452374,NORMAL,BENIGN,True
0.003943886242518604,NORMAL,BENIGN,True
0.005285365882796716,NORMAL,BENIGN,True
0.007702421113229614,NORMAL,BENIGN,True
0.0052856573748453805,NORMAL,BENIGN,True
0.011060590858580915,NORMAL,BENIGN,True
0.014945468661264715,NORMAL,BENIGN,True
0.00565307174513007,NORMAL,BENIGN,True
0.003910687236978468,NORMAL,BENIGN,True
0.0079108515640396,NORMAL,BENIGN,True
0.0038651859286467838,NORMAL,BENIGN,True
0.006013499304141744,NORMAL,BENIGN,True
0.005616413044891676,NORMAL,BENIGN,True
0.005023209929739693,NORMAL,BENIGN,True
0.003828458852360401,NORMAL,BENIGN,True
0.013911300370358851,NORMAL,BENIGN,True
0.003971794492924851,NORMAL,BENIGN,True
0.006755961932505248,NORMAL,BENIGN,True
0.004065433152016671,NORMAL,BENIGN,True
0.0032927672510820972,NORMAL,BENIGN,True
0.004970182259736052,NORMAL,BENIGN,True
0.005214113669612926,NORMAL,BENIGN,True
0.005820746384200253,NORMAL,BENIGN,True
0.004039858479668862,NORMAL,BENIGN,True
0.0059430077448743845,NORMAL,BENIGN,True
0.006590558333908068,NORMAL,BENIGN,True
0.0031325673323308414,NORMAL,BENIGN,True
0.004918638014675134,NORMAL,BENIGN,True
0.00586039167656979,NORMAL,BENIGN,True
0.0026602081399551233,NORMAL,BENIGN,True
0.003717461978288062,NORMAL,BENIGN,True
0.006125958267558607,NORMAL,BENIGN,True
0.004971052624430045,NORMAL,BENIGN,True
0.003188198770720048,NORMAL,BENIGN,True
0.005705392080167679,NORMAL,BENIGN,True
0.007385556253470761,NORMAL,BENIGN,True
0.00329048988873303,NORMAL,BENIGN,True
0.007210705357405811,NORMAL,BENIGN,True
0.004240151930594856,NORMAL,BENIGN,True
0.005233955000264207,NORMAL,BENIGN,True
0.010378407505594428,NORMAL,BENIGN,True
0.0115335994228213,NORMAL,BENIGN,True
0.0046026923209073626,NORMAL,BENIGN,True
0.00712324968617217,NORMAL,BENIGN,True
0.008816116426074631,NORMAL,BENIGN,True
0.0033427724655547006,NORMAL,BENIGN,True
0.010116093290879724,NORMAL,BENIGN,True
0.009378039859907197,NORMAL,BENIGN,True
0.005448270970370822,NORMAL,BENIGN,True
0.004385304878181114,NORMAL,BENIGN,True
0.009433049774008502,NORMAL,BENIGN,True
0.005916614526019074,NORMAL,BENIGN,True
0.007337138780297542,NORMAL,BENIGN,True
0.005944676715587118,NORMAL,BENIGN,True
0.0067039934384516735,NORMAL,BENIGN,True
0.007176086458275853,NORMAL,BENIGN,True
0.0022400037221958816,NORMAL,BENIGN,True
0.005820424103078133,NORMAL,BENIGN,True
0.006178393737127055,NORMAL,BENIGN,True
0.006545419388529067,NORMAL,BENIGN,True
0.0027667486781441978,NORMAL,BENIGN,True
0.009329007236219744,NORMAL,BENIGN,True
0.012793220862689586,NORMAL,BENIGN,True
0.0072279470006098336,NORMAL,BENIGN,True
0.008445567708167009,NORMAL,BENIGN,True
0.002609020804987981,NORMAL,BENIGN,True
0.004130256820120602,NORMAL,BENIGN,True
0.007921661889178512,NORMAL,BENIGN,True
0.004727014856438706,NORMAL,BENIGN,True
0.0027115489694261347,NORMAL,BENIGN,True
0.008330713735309294,NORMAL,BENIGN,True
0.006756016479493695,NORMAL,BENIGN,True
0.0096851068401061,NORMAL,BENIGN,True
0.007227953149040357,NORMAL,BENIGN,True
0.006306178662771303,NORMAL,BENIGN,True
0.005286445577067498,NORMAL,BENIGN,True
0.004582977104650065,NORMAL,BENIGN,True
0.006283533937341555,NORMAL,BENIGN,True
0.004130559476368244,NORMAL,BENIGN,True
0.0037627171667323853,NORMAL,BENIGN,True
0.005953402629982601,NORMAL,BENIGN,True
0.00385938081042346,NORMAL,BENIGN,True
0.005967844604177428,NORMAL,BENIGN,True
0.005549051490171068,NORMAL,BENIGN,True
0.006021679388168732,NORMAL,BENIGN,True
0.003696795001222126,NORMAL,BENIGN,True
0.010214503077997678,NORMAL,BENIGN,True
0.0079634778182192,NORMAL,BENIGN,True
0.011428176385915255,NORMAL,BENIGN,True
0.00612548993835972,NORMAL,BENIGN,True
0.005810698089700482,NORMAL,BENIGN,True
0.005600523797212918,NORMAL,BENIGN,True
0.0027127337077960056,NORMAL,BENIGN,True
0.005180317024217941,NORMAL,BENIGN,True
0.009026147772827828,NORMAL,BENIGN,True
0.005286254947626125,NORMAL,BENIGN,True
0.006545523230502223,NORMAL,BENIGN,True
0.0034366449069399086,NORMAL,BENIGN,True
0.04115284606652177,ANOMALY,BENIGN,False
0.0060728527216031775,NORMAL,BENIGN,True
0.005306260021553217,NORMAL,BENIGN,True
0.006966405933933025,NORMAL,BENIGN,True
0.003914485955851249,NORMAL,BENIGN,True
0.0029772521491392167,NORMAL,BENIGN,True
0.005743109706428013,NORMAL,BENIGN,True
0.00438453141182385,NORMAL,BENIGN,True
0.006121342079627884,NORMAL,BENIGN,True
0.0038653672711173883,NORMAL,BENIGN,True
0.0067030890114457686,NORMAL,BENIGN,True
0.002556432727384198,NORMAL,BENIGN,True
0.0032927675658202104,NORMAL,BENIGN,True
0.007650214228152096,NORMAL,BENIGN,True
0.005337827371969679,NORMAL,BENIGN,True
0.004760925779323729,NORMAL,BENIGN,True
0.0038951513268544115,NORMAL,BENIGN,True
0.0036215371545961247,NORMAL,BENIGN,True
0.006703134094949243,NORMAL,BENIGN,True
0.0054954845538065554,NORMAL,BENIGN,True
0.0033438862124972736,NORMAL,BENIGN,True
0.010745739987799378,NORMAL,BENIGN,True
0.006041626439565872,NORMAL,BENIGN,True
0.00691336962857323,NORMAL,BENIGN,True
0.004550790736896708,NORMAL,BENIGN,True
0.00933635712072519,NORMAL,BENIGN,True
0.004393489837888096,NORMAL,BENIGN,True
0.003983386762542267,NORMAL,BENIGN,True
0.007491096085883442,NORMAL,BENIGN,True
0.006928115778361459,NORMAL,BENIGN,True
0.004182776878367489,NORMAL,BENIGN,True
0.007015236472031695,NORMAL,BENIGN,True
0.005495438181346033,NORMAL,BENIGN,True
0.007131809831598161,NORMAL,BENIGN,True
0.003082246274251192,NORMAL,BENIGN,True
0.10813597775085573,ANOMALY,BENIGN,False
0.0042359456767015625,NORMAL,BENIGN,True
0.0067039898475429556,NORMAL,BENIGN,True
0.009441797801629567,NORMAL,BENIGN,True
0.011022031077649305,NORMAL,BENIGN,True
0.010588148420358028,NORMAL,BENIGN,True
0.006703996189060958,NORMAL,BENIGN,True
0.010903272891646216,NORMAL,BENIGN,True
0.009171565124713593,NORMAL,BENIGN,True
0.004761014564389742,NORMAL,BENIGN,True
0.007138354469377988,NORMAL,BENIGN,True
0.00670398984316678,NORMAL,BENIGN,True
0.004235991696069252,NORMAL,BENIGN,True
0.01058814764722082,NORMAL,BENIGN,True
0.0037249054363567282,NORMAL,BENIGN,True
0.009376429003467418,NORMAL,BENIGN,True
0.010745711964199123,NORMAL,BENIGN,True
0.009491759689732262,NORMAL,BENIGN,True
0.005234033187168907,NORMAL,BENIGN,True
0.006703987489838836,NORMAL,BENIGN,True
0.006651556213083298,NORMAL,BENIGN,True
0.004120463841836407,NORMAL,BENIGN,True
0.004090581888445729,NORMAL,BENIGN,True
0.009476560985121825,NORMAL,BENIGN,True
0.010588147729129627,NORMAL,BENIGN,True
0.0044831629116367285,NORMAL,BENIGN,True
0.0037644800079796033,NORMAL,BENIGN,True
0.00416247379731594,NORMAL,BENIGN,True
0.006178266334920585,NORMAL,BENIGN,True
0.00692682359358584,NORMAL,BENIGN,True
0.005181479341888725,NORMAL,BENIGN,True
0.004395048454261428,NORMAL,BENIGN,True
0.006913179975658113,NORMAL,BENIGN,True
0.00394187339112465,NORMAL,BENIGN,True
0.0052630271692879465,NORMAL,BENIGN,True
0.008122845208617486,NORMAL,BENIGN,True
0.007543697381335418,NORMAL,BENIGN,True
0.0052853667185501696,NORMAL,BENIGN,True
0.00470948951282194,NORMAL,BENIGN,True
0.004131312578792458,NORMAL,BENIGN,True
0.00943393461239907,NORMAL,BENIGN,True
0.0029246820593116715,NORMAL,BENIGN,True
0.007208246181607988,NORMAL,BENIGN,True
0.004498744801050624,NORMAL,BENIGN,True
0.0035015994091369225,NORMAL,BENIGN,True
0.0031537377276329042,NORMAL,BENIGN,True
0.0036722759247694295,NORMAL,BENIGN,True
0.0036067484438969738,NORMAL,BENIGN,True
0.0025038554523158624,NORMAL,BENIGN,True
0.0039312060138057955,NORMAL,BENIGN,True
0.005075811716815705,NORMAL,BENIGN,True
0.007302447088587151,NORMAL,BENIGN,True
0.006125815194810344,NORMAL,BENIGN,True
0.0069129062583214735,NORMAL,BENIGN,True
0.006020865225422195,NORMAL,BENIGN,True
0.003481388065417691,NORMAL,BENIGN,True
0.007543685730034186,NORMAL,BENIGN,True
0.005232973062017149,NORMAL,BENIGN,True
0.005233577130425851,NORMAL,BENIGN,True
0.005654083184542834,NORMAL,BENIGN,True
0.004420471866473675,NORMAL,BENIGN,True
0.0036488916994720753,NORMAL,BENIGN,True
0.0038170512072788635,NORMAL,BENIGN,True
0.005903697862665263,NORMAL,BENIGN,True
0.006340590047250439,NORMAL,BENIGN,True
0.004039858479668862,NORMAL,BENIGN,True
0.006860879627857358,NORMAL,BENIGN,True
0.021915589452804304,ANOMALY,BENIGN,False
0.0077534219337597274,NORMAL,BENIGN,True
0.03455509412765975,ANOMALY,BENIGN,False
0.0059398365638859175,NORMAL,BENIGN,True
0.0035441830908969703,NORMAL,BENIGN,True
0.03718860898322279,ANOMALY,BENIGN,False
0.004088428854374261,NORMAL,BENIGN,True
0.012005470967484775,NORMAL,BENIGN,True
0.007386165400737695,NORMAL,BENIGN,True
0.007595497145482579,NORMAL,BENIGN,True
0.002871920114892651,NORMAL,BENIGN,True
0.00410925713743122,NORMAL,BENIGN,True
0.01035794541476458,NORMAL,BENIGN,True
0.005391724243836969,NORMAL,BENIGN,True
0.0026091776754785267,NORMAL,BENIGN,True
0.0046547716099856395,NORMAL,BENIGN,True
0.01040890445657358,NORMAL,BENIGN,True
0.011638238367405181,NORMAL,BENIGN,True
0.006125856255970553,NORMAL,BENIGN,True
0.0033951825876792985,NORMAL,BENIGN,True
0.007219752858115206,NORMAL,BENIGN,True
0.008173568262762693,NORMAL,BENIGN,True
0.003922822932090581,NORMAL,BENIGN,True
0.006575104252817132,NORMAL,BENIGN,True
0.005600881835022304,NORMAL,BENIGN,True
0.0042025255934721945,NORMAL,BENIGN,True
0.011113125884212946,NORMAL,BENIGN,True
0.0060018662598074705,NORMAL,BENIGN,True
0.01076707756855492,NORMAL,BENIGN,True
0.005915386248621138,NORMAL,BENIGN,True
0.005671173129249016,NORMAL,BENIGN,True
0.005128598110993487,NORMAL,BENIGN,True
0.018882615668723478,NORMAL,BENIGN,True
0.005285407754181618,NORMAL,BENIGN,True
0.010316933566766807,NORMAL,BENIGN,True
0.003132619064561861,NORMAL,BENIGN,True
0.005863564911724786,NORMAL,BENIGN,True
0.005812067787311473,NORMAL,BENIGN,True
0.005619556422768297,NORMAL,BENIGN,True
0.008227935469035715,NORMAL,BENIGN,True
0.0035912683013360164,NORMAL,BENIGN,True
0.005460898225744455,NORMAL,BENIGN,True
0.00743886137440991,NORMAL,BENIGN,True
0.007308438737243347,NORMAL,BENIGN,True
0.004183892271782239,NORMAL,BENIGN,True
0.0038855702356528315,NORMAL,BENIGN,True
0.007265583003270211,NORMAL,BENIGN,True
0.005945272840355862,NORMAL,BENIGN,True
0.0071637398406069605,NORMAL,BENIGN,True
0.008556965065199663,NORMAL,BENIGN,True
0.006125736797749869,NORMAL,BENIGN,True
0.007332851493516836,NORMAL,BENIGN,True
0.004232388541885935,NORMAL,BENIGN,True
0.006230909619763676,NORMAL,BENIGN,True
0.008172973715980112,NORMAL,BENIGN,True
0.0029753649081190182,NORMAL,BENIGN,True
0.004340221712032406,NORMAL,BENIGN,True
0.008541205356008906,NORMAL,BENIGN,True
0.005086346382398227,NORMAL,BENIGN,True
0.005547779209278464,NORMAL,BENIGN,True
0.005547942943245071,NORMAL,BENIGN,True
0.00434023744614124,NORMAL,BENIGN,True
0.004918677785167757,NORMAL,BENIGN,True
0.0040667660010552855,NORMAL,BENIGN,True
0.006913416797377763,NORMAL,BENIGN,True
0.005285607282335148,NORMAL,BENIGN,True
0.006205933018430135,NORMAL,BENIGN,True
0.008016255750752224,NORMAL,BENIGN,True
0.004498522481644913,NORMAL,BENIGN,True
0.007234971524121955,NORMAL,BENIGN,True
0.0043402335074028365,NORMAL,BENIGN,True
0.011690620275064954,NORMAL,BENIGN,True
0.010648053907067254,NORMAL,BENIGN,True
0.009243850957101386,NORMAL,BENIGN,True
0.00486857234283984,NORMAL,BENIGN,True
0.004122186686938562,NORMAL,BENIGN,True
0.006493343089581393,NORMAL,BENIGN,True
0.003541082375046351,NORMAL,BENIGN,True
0.00901364705265846,NORMAL,BENIGN,True
0.0049711706617032265,NORMAL,BENIGN,True
0.0037663006852233587,NORMAL,BENIGN,True
0.004126463321186902,NORMAL,BENIGN,True
0.0047887110519209165,NORMAL,BENIGN,True
0.004921935766437299,NORMAL,BENIGN,True
0.008435789710982095,NORMAL,BENIGN,True
0.005706321009399319,NORMAL,BENIGN,True
0.0025551567529563785,NORMAL,BENIGN,True
0.0036722759247694295,NORMAL,BENIGN,True
0.003478730098656219,NORMAL,BENIGN,True
0.009958577856291496,NORMAL,BENIGN,True
0.005863234906082978,NORMAL,BENIGN,True
0.0056006964494263265,NORMAL,BENIGN,True
0.00910720473251176,NORMAL,BENIGN,True
0.007596281567346466,NORMAL,BENIGN,True
0.0036973546999702774,NORMAL,BENIGN,True
0.0024512886624975267,NORMAL,BENIGN,True
0.004009193973409662,NORMAL,BENIGN,True
0.005810832933372571,NORMAL,BENIGN,True
0.005916246339721003,NORMAL,BENIGN,True
0.0036113520747069424,NORMAL,BENIGN,True
0.011848445081654032,NORMAL,BENIGN,True
0.005629004219980588,NORMAL,BENIGN,True
0.0060729999582143715,NORMAL,BENIGN,True
0.04240210949156553,ANOMALY,BENIGN,False
0.003082407658826523,NORMAL,BENIGN,True
0.0050759240202547075,NORMAL,BENIGN,True
0.005759208679510388,NORMAL,BENIGN,True
0.007965313738294075,NORMAL,BENIGN,True
0.0051278120004066684,NORMAL,BENIGN,True
0.005297634394462772,NORMAL,BENIGN,True
0.005916663783268224,NORMAL,BENIGN,True
0.010380108628856697,NORMAL,BENIGN,True
0.004150699546203254,NORMAL,BENIGN,True
0.005082949635980021,NORMAL,BENIGN,True
0.009958337562852651,NORMAL,BENIGN,True
0.006493433658548679,NORMAL,BENIGN,True
0.01721703975143508,NORMAL,BENIGN,True
0.006287524449947632,NORMAL,BENIGN,True
0.010115745277792375,NORMAL,BENIGN,True
0.007561141014410946,NORMAL,BENIGN,True
0.01809489506442895,NORMAL,BENIGN,True
0.00447488411308974,NORMAL,BENIGN,True
0.006867499942272104,NORMAL,BENIGN,True
0.00747468024230492,NORMAL,BENIGN,True
0.005758798804172259,NORMAL,BENIGN,True
0.004211712238218133,NORMAL,BENIGN,True
0.010422245379596084,NORMAL,BENIGN,True
0.005285267534711053,NORMAL,BENIGN,True
0.006493260592585713,NORMAL,BENIGN,True
0.0036884802467887132,NORMAL,BENIGN,True
0.00628383188046466,NORMAL,BENIGN,True
0.00498808167899207,NORMAL,BENIGN,True
0.008646109397395811,NORMAL,BENIGN,True
0.0029770906294099213,NORMAL,BENIGN,True
0.0061253020497681184,NORMAL,BENIGN,True
0.004235950537028378,NORMAL,BENIGN,True
0.0074382107845402156,NORMAL,BENIGN,True
0.006283377001429086,NORMAL,BENIGN,True
0.0029772135269741018,NORMAL,BENIGN,True
0.007039917027475051,NORMAL,BENIGN,True
0.007595742526636988,NORMAL,BENIGN,True
0.0039209925781513175,NORMAL,BENIGN,True
0.003920992398079864,NORMAL,BENIGN,True
0.003654685555733206,NORMAL,BENIGN,True
0.004279666964565129,NORMAL,BENIGN,True
0.007421305614062381,NORMAL,BENIGN,True
0.007383865562905061,NORMAL,BENIGN,True
0.006913382861820679,NORMAL,BENIGN,True
0.01406323772321958,NORMAL,BENIGN,True
0.007237849588831427,NORMAL,BENIGN,True
0.004292445879512864,NORMAL,BENIGN,True
0.007304577202121728,NORMAL,BENIGN,True
0.007312357555798629,NORMAL,BENIGN,True
0.005234231689944037,NORMAL,BENIGN,True
0.004332056946675245,NORMAL,BENIGN,True
0.0031350134935178593,NORMAL,BENIGN,True
0.007438226215542461,NORMAL,BENIGN,True
0.0037161111448503537,NORMAL,BENIGN,True
0.006912907516891554,NORMAL,BENIGN,True
0.0035223188894318554,NORMAL,BENIGN,True
0.005968150477896674,NORMAL,BENIGN,True
0.005337928985601229,NORMAL,BENIGN,True
0.004230558033917364,NORMAL,BENIGN,True
0.00581069080057698,NORMAL,BENIGN,True
0.007312357555798629,NORMAL,BENIGN,True
0.0071637398406069605,NORMAL,BENIGN,True
0.003940733638657527,NORMAL,BENIGN,True
0.05894763677640268,ANOMALY,BENIGN,False
0.007282550883170515,NORMAL,BENIGN,True
0.005234028875750505,NORMAL,BENIGN,True
0.005181472298167493,NORMAL,BENIGN,True
0.0077537628803027335,NORMAL,BENIGN,True
0.0024512760947091915,NORMAL,BENIGN,True
0.005233758595168968,NORMAL,BENIGN,True
0.004276550344266486,NORMAL,BENIGN,True
0.004329047843172897,NORMAL,BENIGN,True
0.005391249188827234,NORMAL,BENIGN,True
0.0064932297022971255,NORMAL,BENIGN,True
0.006335638333096511,NORMAL,BENIGN,True
0.003405862723361631,NORMAL,BENIGN,True
0.007308438737243347,NORMAL,BENIGN,True
0.003926945704762245,NORMAL,BENIGN,True
0.007333145343226702,NORMAL,BENIGN,True
0.002714177409955092,NORMAL,BENIGN,True
0.007286091019559422,NORMAL,BENIGN,True
0.002503854569063538,NORMAL,BENIGN,True
0.003328623370850503,NORMAL,BENIGN,True
0.003784039692380873,NORMAL,BENIGN,True
0.003749356745006113,NORMAL,BENIGN,True
0.009482506578181116,NORMAL,BENIGN,True
0.004970818715408335,NORMAL,BENIGN,True
0.008753569775805083,NORMAL,BENIGN,True
0.004708285234813099,NORMAL,BENIGN,True
0.004393138326584993,NORMAL,BENIGN,True
0.006913042134135583,NORMAL,BENIGN,True
0.006601293004428791,NORMAL,BENIGN,True
0.0030483106066812276,NORMAL,BENIGN,True
0.00426468902422921,NORMAL,BENIGN,True
0.0069139603961200224,NORMAL,BENIGN,True
0.00546409191939744,NORMAL,BENIGN,True
0.003468571697377053,NORMAL,BENIGN,True
0.006912908166281045,NORMAL,BENIGN,True
0.011060846031371311,NORMAL,BENIGN,True
0.004971226922478178,NORMAL,BENIGN,True
0.003674534953270744,NORMAL,BENIGN,True
0.0043933050395420685,NORMAL,BENIGN,True
0.014000477147466543,NORMAL,BENIGN,True
0.010502722186751039,NORMAL,BENIGN,True
0.008593650413942682,NORMAL,BENIGN,True
0.007228569372138377,NORMAL,BENIGN,True
0.06503932380642284,ANOMALY,BENIGN,False
0.005309198540060609,NORMAL,BENIGN,True
0.0043553031671752646,NORMAL,BENIGN,True
0.00472801256245255,NORMAL,BENIGN,True
0.14838037489588807,ANOMALY,BENIGN,False
0.1433182534233453,ANOMALY,BENIGN,False
7.693016729563485e-06,NORMAL,BENIGN,True
0.07640889415830518,ANOMALY,BENIGN,False
7.773340261835602e-06,NORMAL,BENIGN,True
0.0764160666698859,ANOMALY,BENIGN,False
0.0038308188496376954,NORMAL,BENIGN,True
0.14706287279518485,ANOMALY,BENIGN,False
3.0080124972723603e-05,NORMAL,BENIGN,True
0.14700696596528134,ANOMALY,BENIGN,False
0.08769018587373588,ANOMALY,BENIGN,False
3.6668872716396256e-05,NORMAL,BENIGN,True
0.09430203473093525,ANOMALY,BENIGN,False
0.07888655267409332,ANOMALY,BENIGN,False
0.14421923585788987,ANOMALY,BENIGN,False
0.09316422872930166,ANOMALY,BENIGN,False
0.0033776697265653433,NORMAL,BENIGN,True
0.09314918145128358,ANOMALY,BENIGN,False
1.3779356788368435e-05,NORMAL,BENIGN,True
1.6295828612938513e-05,NORMAL,BENIGN,True
0.07640932656461198,ANOMALY,BENIGN,False
0.10365269091317118,ANOMALY,BENIGN,False
0.0022011932916700056,NORMAL,BENIGN,True
0.07640659232898185,ANOMALY,BENIGN,False
0.07640500187669794,ANOMALY,BENIGN,False
7.676122177216477e-06,NORMAL,BENIGN,True
7.643260701089632e-06,NORMAL,BENIGN,True
0.07641705179893155,ANOMALY,BENIGN,False
7.791884622611123e-06,NORMAL,BENIGN,True
0.030317652166476194,ANOMALY,BENIGN,False
0.07640609409754029,ANOMALY,BENIGN,False
0.08235820587936545,ANOMALY,BENIGN,False
6.2012037794720365e-06,NORMAL,BENIGN,True
0.10243833493036848,ANOMALY,BENIGN,False
0.047882116923956324,ANOMALY,BENIGN,False
0.09338339229093426,ANOMALY,BENIGN,False
0.09445258164154359,ANOMALY,BENIGN,False
0.14437360830093965,ANOMALY,BENIGN,False
0.09239967984005472,ANOMALY,BENIGN,False
7.791386449012146e-06,NORMAL,BENIGN,True
6.072887086925535e-06,NORMAL,BENIGN,True
0.09436571888273072,ANOMALY,BENIGN,False
7.208588632617893e-06,NORMAL,BENIGN,True
0.09253834979912806,ANOMALY,BENIGN,False
0.10696126418192328,ANOMALY,BENIGN,False
0.10584834235382157,ANOMALY,BENIGN,False
6.081376057184199e-06,NORMAL,BENIGN,True
6.081377360616864e-06,NORMAL,BENIGN,True
0.0023989866996378855,NORMAL,BENIGN,True
0.09333892838155415,ANOMALY,BENIGN,False
6.086586743660628e-06,NORMAL,BENIGN,True
6.0854252135123695e-06,NORMAL,BENIGN,True
0.09110418958730118,ANOMALY,BENIGN,False
0.1085275168739308,ANOMALY,BENIGN,False
0.002849925223348639,NORMAL,BENIGN,True
0.005981705338960905,NORMAL,BENIGN,True
0.11244563233142577,ANOMALY,BENIGN,False
6.0874727440135305e-06,NORMAL,BENIGN,True
6.087471313790814e-06,NORMAL,BENIGN,True
0.09079089317218486,ANOMALY,BENIGN,False
0.09079373492551224,ANOMALY,BENIGN,False
6.08024088604038e-06,NORMAL,BENIGN,True
0.10472859608645049,ANOMALY,BENIGN,False
0.10481952973400396,ANOMALY,BENIGN,False
0.10675288348727097,ANOMALY,BENIGN,False
6.084161413014894e-06,NORMAL,BENIGN,True
6.084169274319605e-06,NORMAL,BENIGN,True
6.083284584881281e-06,NORMAL,BENIGN,True
0.10679526363231659,ANOMALY,BENIGN,False
0.10571248674999804,ANOMALY,BENIGN,False
0.1065502762941703,ANOMALY,BENIGN,False
6.073865148532897e-06,NORMAL,BENIGN,True
6.073862099035244e-06,NORMAL,BENIGN,True
6.073344956061702e-06,NORMAL,BENIGN,True
0.10431787168148346,ANOMALY,BENIGN,False
0.005003062263728872,NORMAL,BENIGN,True
0.03483865794104613,ANOMALY,BENIGN,False
0.13688502868121818,ANOMALY,BENIGN,False
0.0023981987013216243,NORMAL,BENIGN,True
0.0002982193279893314,NORMAL,BENIGN,True
0.09319953076823419,ANOMALY,BENIGN,False
0.13621361554581515,ANOMALY,BENIGN,False
0.08350376856631701,ANOMALY,BENIGN,False
0.09329084355284792,ANOMALY,BENIGN,False
0.09336385655963925,ANOMALY,BENIGN,False
0.09163693296607468,ANOMALY,BENIGN,False
0.12944461106933072,ANOMALY,BENIGN,False
0.09333976652265574,ANOMALY,BENIGN,False
0.08297853669164021,ANOMALY,BENIGN,False
0.09312861003894167,ANOMALY,BENIGN,False
0.14523374692988097,ANOMALY,BENIGN,False
0.14481779420899243,ANOMALY,BENIGN,False
0.09473362855323446,ANOMALY,BENIGN,False
0.08514053211043957,ANOMALY,BENIGN,False
0.0963667321061602,ANOMALY,BENIGN,False
0.08454198913095487,ANOMALY,BENIGN,False
0.08995377597921007,ANOMALY,BENIGN,False
0.08331493407617006,ANOMALY,BENIGN,False
0.07640547585979668,ANOMALY,BENIGN,False
0.0764054735553958,ANOMALY,BENIGN,False
7.741702330076654e-06,NORMAL,BENIGN,True
7.738949495897921e-06,NORMAL,BENIGN,True
8.729105318949079e-05,NORMAL,BENIGN,True
0.11679736288940822,ANOMALY,BENIGN,False
6.577632031369645e-06,NORMAL,BENIGN,True
0.1167972823704614,ANOMALY,BENIGN,False
6.184783032165386e-06,NORMAL,BENIGN,True
7.738624538553299e-06,NORMAL,BENIGN,True
0.1167035886733832,ANOMALY,BENIGN,False
0.11999993594772536,ANOMALY,BENIGN,False
0.07640518973375714,ANOMALY,BENIGN,False
0.07640518973574256,ANOMALY,BENIGN,False
6.780226844279815e-06,NORMAL,BENIGN,True
6.874984175580521e-06,NORMAL,BENIGN,True
6.083903822782876e-06,NORMAL,BENIGN,True
3.553055550040804e-06,NORMAL,BENIGN,True
0.0764052104601617,ANOMALY,BENIGN,False
6.882181967517675e-06,NORMAL,BENIGN,True
0.07640564528935989,ANOMALY,BENIGN,False
0.1531839364106949,ANOMALY,BENIGN,False
0.0034748794875752785,NORMAL,BENIGN,True
0.14511309847226306,ANOMALY,BENIGN,False
0.029804351806433736,ANOMALY,BENIGN,False
0.09320074127642394,ANOMALY,BENIGN,False
0.10298701442331526,ANOMALY,BENIGN,False
0.0905507606324126,ANOMALY,BENIGN,False
0.07495406517761176,ANOMALY,BENIGN,False
0.08218444336336526,ANOMALY,BENIGN,False
0.13948902683284162,ANOMALY,BENIGN,False
0.09334957489512163,ANOMALY,BENIGN,False
0.08328445589689473,ANOMALY,BENIGN,False
0.09335685219081519,ANOMALY,BENIGN,False
0.1335604186780458,ANOMALY,BENIGN,False
0.051336813860208344,ANOMALY,BENIGN,False
0.0760536447389533,ANOMALY,BENIGN,False
0.07604797225288763,ANOMALY,BENIGN,False
0.0773139985921844,ANOMALY,BENIGN,False
0.0023991325301607807,NORMAL,BENIGN,True
0.14044546543467412,ANOMALY,BENIGN,False
0.14045472324757394,ANOMALY,BENIGN,False
0.14162531979868528,ANOMALY,BENIGN,False
0.14044474916756672,ANOMALY,BENIGN,False
0.0764054338202164,ANOMALY,BENIGN,False
0.07640543159505883,ANOMALY,BENIGN,False
0.1414598616652934,ANOMALY,BENIGN,False
0.0764054430905044,ANOMALY,BENIGN,False
0.14187649163684318,ANOMALY,BENIGN,False
0.14446003204465976,ANOMALY,BENIGN,False
0.098761932115387,ANOMALY,BENIGN,False
0.1084793705412763,ANOMALY,BENIGN,False
0.09328654459360282,ANOMALY,BENIGN,False
0.09328715215085047,ANOMALY,BENIGN,False
0.09339176924506949,ANOMALY,BENIGN,False
0.10858225774721607,ANOMALY,BENIGN,False
0.07640501139391309,ANOMALY,BENIGN,False
0.10864779114131352,ANOMALY,BENIGN,False
0.09326623747256307,ANOMALY,BENIGN,False
0.1102799867999512,ANOMALY,BENIGN,False
0.11675501394837706,ANOMALY,BENIGN,False
5.9488207698484696e-05,NORMAL,BENIGN,True
0.09335958447916326,ANOMALY,BENIGN,False
0.11670227172534031,ANOMALY,BENIGN,False
0.11669391123194113,ANOMALY,BENIGN,False
0.10214078532614604,ANOMALY,BENIGN,False
0.11656928491302247,ANOMALY,BENIGN,False
0.007399027805893429,NORMAL,BENIGN,True
0.0015584144377926736,NORMAL,BENIGN,True
7.768340077382839e-06,NORMAL,BENIGN,True
0.0002969704513926461,NORMAL,BENIGN,True
7.75782478056241e-06,NORMAL,BENIGN,True
7.784814135160938e-06,NORMAL,BENIGN,True
0.1025437871289928,ANOMALY,BENIGN,False
0.14351519165198895,ANOMALY,BENIGN,False
0.032815479567276644,ANOMALY,BENIGN,False
0.03615528152869436,ANOMALY,BENIGN,False
0.03615808493221993,ANOMALY,BENIGN,False
6.8051457506678774e-06,NORMAL,BENIGN,True
7.79410947637163e-06,NORMAL,BENIGN,True
0.12079921862675458,ANOMALY,BENIGN,False
0.0023863822524306873,NORMAL,BENIGN,True
0.14044087938152672,ANOMALY,BENIGN,False
0.10807563748257705,ANOMALY,BENIGN,False
0.15066896785280512,ANOMALY,BENIGN,False
0.1564325985320137,ANOMALY,BENIGN,False
0.14331878029823047,ANOMALY,BENIGN,False
0.14331882524759293,ANOMALY,BENIGN,False
0.1565345940753044,ANOMALY,BENIGN,False
6.2603288371290585e-06,NORMAL,BENIGN,True
6.260664013424619e-06,NORMAL,BENIGN,True
6.260996017351029e-06,NORMAL,BENIGN,True
6.199829458594485e-06,NORMAL,BENIGN,True
6.183886856488971e-06,NORMAL,BENIGN,True
0.15609040242338487,ANOMALY,BENIGN,False
0.002398198572392531,NORMAL,BENIGN,True
4.329755536872417e-05,NORMAL,BENIGN,True
0.06950702982787604,ANOMALY,BENIGN,False
6.067637540980681e-06,NORMAL,BENIGN,True
0.06760166990805187,ANOMALY,BENIGN,False
0.06943136315198173,ANOMALY,BENIGN,False
0.07640557065251513,ANOMALY,BENIGN,False
0.09245975971029792,ANOMALY,BENIGN,False
0.0933561853797442,ANOMALY,BENIGN,False
0.09685245332655347,ANOMALY,BENIGN,False
0.08312233926732401,ANOMALY,BENIGN,False
0.14331656492027256,ANOMALY,BENIGN,False
0.08311950830119735,ANOMALY,BENIGN,False
0.08311950830070185,ANOMALY,BENIGN,False
1.3986710625112934e-05,NORMAL,BENIGN,True
1.3989339070262947e-05,NORMAL,BENIGN,True
0.07640958015284018,ANOMALY,BENIGN,False
3.0242883684723394e-05,NORMAL,BENIGN,True
0.07640953952858794,ANOMALY,BENIGN,False
3.0125636369210383e-05,NORMAL,BENIGN,True
0.07640974084717311,ANOMALY,BENIGN,False
0.07640557469896878,ANOMALY,BENIGN,False
3.007881408081195e-05,NORMAL,BENIGN,True
0.07640565578712485,ANOMALY,BENIGN,False
1.396254543090728e-05,NORMAL,BENIGN,True
0.09317113532481426,ANOMALY,BENIGN,False
0.0029419428719205435,NORMAL,BENIGN,True
0.09393337224485054,ANOMALY,BENIGN,False
0.13578086243018056,ANOMALY,BENIGN,False
3.7271374185626123e-06,NORMAL,BENIGN,True
0.1184759718643641,ANOMALY,BENIGN,False
0.143320051787121,ANOMALY,BENIGN,False
0.07640592210696412,ANOMALY,BENIGN,False
0.11069963677705463,ANOMALY,BENIGN,False
0.000296972876222125,NORMAL,BENIGN,True
0.00029697284357928846,NORMAL,BENIGN,True
0.0002969751430746112,NORMAL,BENIGN,True
0.00029697277480483683,NORMAL,BENIGN,True
0.09547987333712032,ANOMALY,BENIGN,False
0.14331938417374693,ANOMALY,BENIGN,False
2.6691491221291553e-06,NORMAL,BENIGN,True
0.0025612245256916035,NORMAL,BENIGN,True
0.04303290515715495,ANOMALY,BENIGN,False
0.007187479425816968,NORMAL,BENIGN,True
0.002746776971321729,NORMAL,BENIGN,True
0.0026202479918403174,NORMAL,BENIGN,True
0.08260539184593699,ANOMALY,BENIGN,False
0.08526242841544888,ANOMALY,BENIGN,False
6.537355073285026e-06,NORMAL,BENIGN,True
0.0850608606811751,ANOMALY,BENIGN,False
0.07852826333821675,ANOMALY,BENIGN,False
3.1982926490158593e-06,NORMAL,BENIGN,True
0.07640597834451156,ANOMALY,BENIGN,False
7.475100150503569e-06,NORMAL,BENIGN,True
0.15567871819213464,ANOMALY,BENIGN,False
0.14191727907846405,ANOMALY,BENIGN,False
0.07640552740127168,ANOMALY,BENIGN,False
0.08966381942386605,ANOMALY,BENIGN,False
0.00029757602148629833,NORMAL,BENIGN,True
0.07640541615830716,ANOMALY,BENIGN,False
0.07640541843568972,ANOMALY,BENIGN,False
0.07640502512854988,ANOMALY,BENIGN,False
0.09344380471001912,ANOMALY,BENIGN,False
0.08756491129922121,ANOMALY,BENIGN,False
0.07640498895119306,ANOMALY,BENIGN,False
5.712465187926384e-06,NORMAL,BENIGN,True
0.0025024566336545842,NORMAL,BENIGN,True
0.15283788067630677,ANOMALY,BENIGN,False
0.00137236848305058,NORMAL,BENIGN,True
0.0009427033096036363,NORMAL,BENIGN,True
0.00287035793420421,NORMAL,BENIGN,True
0.0028346616060983027,NORMAL,BENIGN,True
0.11292802847258666,ANOMALY,BENIGN,False
0.07578423418872099,ANOMALY,BENIGN,False
8.204244507496559e-06,NORMAL,BENIGN,True
0.0757842757019515,ANOMALY,BENIGN,False
8.205625099373422e-06,NORMAL,BENIGN,True
0.007812828757089408,NORMAL,BENIGN,True
0.0023991323088334063,NORMAL,BENIGN,True
0.002398959147522649,NORMAL,BENIGN,True
0.0182307420702898,NORMAL,BENIGN,True
0.002399131852995841,NORMAL,BENIGN,True
0.002399132308401333,NORMAL,BENIGN,True
0.02961555398918439,ANOMALY,BENIGN,False
0.0002970228872462269,NORMAL,BENIGN,True
0.1041485667329813,ANOMALY,BENIGN,False
6.066744269003831e-06,NORMAL,BENIGN,True
0.03351619176084841,ANOMALY,BENIGN,False
0.0347362909729626,ANOMALY,BENIGN,False
0.034697092069766976,ANOMALY,BENIGN,False
0.034696936340840326,ANOMALY,BENIGN,False
0.03469674600212815,ANOMALY,BENIGN,False
0.03460738687912173,ANOMALY,BENIGN,False
0.08305153040656864,ANOMALY,BENIGN,False
0.034696682138665544,ANOMALY,BENIGN,False
0.034781763051979435,ANOMALY,BENIGN,False
0.008843121749086262,NORMAL,BENIGN,True
0.008854083595651046,NORMAL,BENIGN,True
0.004760392935922615,NORMAL,BENIGN,True
0.0053411993849430805,NORMAL,BENIGN,True
0.005818022065787773,NORMAL,BENIGN,True
0.14133093646778655,ANOMALY,BENIGN,False
0.0045644492874402365,NORMAL,BENIGN,True
0.05723546540095371,ANOMALY,BENIGN,False
0.0572354653900799,ANOMALY,BENIGN,False
0.03294494361979219,ANOMALY,BENIGN,False
6.507509874959465e-06,NORMAL,BENIGN,True
0.00823244203448638,NORMAL,BENIGN,True
0.15356474483336047,ANOMALY,BENIGN,False
0.057235611818562564,ANOMALY,BENIGN,False
0.057251112046339814,ANOMALY,BENIGN,False
0.05723559712977134,ANOMALY,BENIGN,False
0.05723559729065334,ANOMALY,BENIGN,False
0.00239913230678665,NORMAL,BENIGN,True
0.14352919372458758,ANOMALY,BENIGN,False
0.11343445522687826,ANOMALY,BENIGN,False
0.11343445522687826,ANOMALY,BENIGN,False
0.003290997779588738,NORMAL,BENIGN,True
0.14352919372458758,ANOMALY,BENIGN,False
6.274723834856618e-06,NORMAL,BENIGN,True
0.11331205478852906,ANOMALY,BENIGN,False
0.0012698019433051771,NORMAL,BENIGN,True
0.045640362084002,ANOMALY,BENIGN,False
0.039125385677507736,ANOMALY,BENIGN,False
0.08022337570268022,ANOMALY,BENIGN,False
0.08452186280583857,ANOMALY,BENIGN,False
0.08132693988490432,ANOMALY,BENIGN,False
0.046725790133239686,ANOMALY,BENIGN,False
0.08452356505558613,ANOMALY,BENIGN,False
0.08450107967751434,ANOMALY,BENIGN,False
0.010864488467960998,NORMAL,BENIGN,True
0.0813226324627035,ANOMALY,BENIGN,False
0.00031475101198858596,NORMAL,BENIGN,True
0.042395310153406036,ANOMALY,BENIGN,False
0.02174536933686265,ANOMALY,BENIGN,False
0.04781111099705542,ANOMALY,BENIGN,False
0.0003160794089454656,NORMAL,BENIGN,True
0.08452309036674567,ANOMALY,BENIGN,False
0.08452356361572366,ANOMALY,BENIGN,False
0.046725721929176,ANOMALY,BENIGN,False
0.1052736605779703,ANOMALY,BENIGN,False
6.274983238172264e-06,NORMAL,BENIGN,True
0.001770517658526093,NORMAL,BENIGN,True
0.07662502943458942,ANOMALY,BENIGN,False
0.0025341322430571505,NORMAL,BENIGN,True
0.0036505667261180026,NORMAL,BENIGN,True
0.004795664647276531,NORMAL,BENIGN,True
0.0025907376812877585,NORMAL,BENIGN,True
0.0035931991589235844,NORMAL,BENIGN,True
0.003967075328424613,NORMAL,BENIGN,True
0.002992574445679474,NORMAL,BENIGN,True
0.007049299375586392,NORMAL,BENIGN,True
0.14338804275923184,ANOMALY,BENIGN,False
0.004112749298546609,NORMAL,BENIGN,True
0.0018083294163317512,NORMAL,BENIGN,True
0.0022627721054612484,NORMAL,BENIGN,True
0.007680696186810937,NORMAL,BENIGN,True
0.004040618767755153,NORMAL,BENIGN,True
0.004265047674693989,NORMAL,BENIGN,True
0.002428123901050311,NORMAL,BENIGN,True
0.0018958067578449629,NORMAL,BENIGN,True
0.005234774885610358,NORMAL,BENIGN,True
0.11343445522687826,ANOMALY,BENIGN,False
0.004900438041826743,NORMAL,BENIGN,True
0.0017915955389193763,NORMAL,BENIGN,True
0.11343445522687826,ANOMALY,BENIGN,False
0.002649964739216509,NORMAL,BENIGN,True
0.005618126709975048,NORMAL,BENIGN,True
0.14352919372458758,ANOMALY,BENIGN,False
0.02882842093539607,ANOMALY,BENIGN,False
0.0038386944422656513,NORMAL,BENIGN,True
0.04316090352116568,ANOMALY,BENIGN,False
0.09784002975198205,ANOMALY,BENIGN,False
0.00492611400641657,NORMAL,BENIGN,True
0.1052736605779703,ANOMALY,BENIGN,False
0.14338804275923184,ANOMALY,BENIGN,False
0.003331302261358268,NORMAL,BENIGN,True
0.11327647974726977,ANOMALY,BENIGN,False
0.14338804275923184,ANOMALY,BENIGN,False
0.14352919372458758,ANOMALY,BENIGN,False
6.274669741557821e-06,NORMAL,BENIGN,True
0.030864078252249582,ANOMALY,BENIGN,False
0.002428123901050311,NORMAL,BENIGN,True
0.002354341053481944,NORMAL,BENIGN,True
0.010021398706541852,NORMAL,BENIGN,True
0.00098892384000919,NORMAL,BENIGN,True
0.004797892997486542,NORMAL,BENIGN,True
0.0038341421551993144,NORMAL,BENIGN,True
0.00306311735728622,NORMAL,BENIGN,True
0.010992540559753315,NORMAL,BENIGN,True
0.002292072262919165,NORMAL,BENIGN,True
0.10514383769170194,ANOMALY,BENIGN,False
0.10514383769170194,ANOMALY,BENIGN,False
0.008229989754705623,NORMAL,BENIGN,True
0.002880743534104632,NORMAL,BENIGN,True
0.002531505505014559,NORMAL,BENIGN,True
0.003970982588120801,NORMAL,BENIGN,True
0.0022031042870878253,NORMAL,BENIGN,True
0.1052736605779703,ANOMALY,BENIGN,False
0.012133594443046309,NORMAL,BENIGN,True
0.0024537735609015776,NORMAL,BENIGN,True
0.0024117238206182545,NORMAL,BENIGN,True
0.004109503019390112,NORMAL,BENIGN,True
0.0037989862908512045,NORMAL,BENIGN,True
0.0001384279414498576,NORMAL,BENIGN,True
0.14352919372458758,ANOMALY,BENIGN,False
0.04610397406519691,ANOMALY,BENIGN,False
0.007680696186810937,NORMAL,BENIGN,True
0.003199784051366983,NORMAL,BENIGN,True
0.002880743534104632,NORMAL,BENIGN,True
0.0027326718631206946,NORMAL,BENIGN,True
0.004700331949922284,NORMAL,BENIGN,True
0.004037039900284572,NORMAL,BENIGN,True
0.002906957922149895,NORMAL,BENIGN,True
0.14338804275923184,ANOMALY,BENIGN,False
0.0002969693343909667,NORMAL,BENIGN,True
0.025646029388108848,ANOMALY,BENIGN,False
0.11343445522687826,ANOMALY,BENIGN,False
0.14352919372458758,ANOMALY,BENIGN,False
0.14352919372458758,ANOMALY,BENIGN,False
6.853458526602402e-06,NORMAL,BENIGN,True
0.001975654500706145,NORMAL,BENIGN,True
0.0034380752815435863,NORMAL,BENIGN,True
0.008535171000939541,NORMAL,BENIGN,True
0.14352919372458758,ANOMALY,BENIGN,False
6.275458584551314e-06,NORMAL,BENIGN,True
0.11343445522687826,ANOMALY,BENIGN,False
0.0022337143516085512,NORMAL,BENIGN,True
0.14338804275923184,ANOMALY,BENIGN,False
0.10514383769170194,ANOMALY,BENIGN,False
0.14352919372458758,ANOMALY,BENIGN,False
0.1052736605779703,ANOMALY,BENIGN,False
0.14352919372458758,ANOMALY,BENIGN,False
0.11343445522687826,ANOMALY,BENIGN,False
6.274813871736335e-06,NORMAL,BENIGN,True
5.658934475457371e-06,NORMAL,BENIGN,True
0.005906510259113313,NORMAL,BENIGN,True
0.004112749298546609,NORMAL,BENIGN,True
0.003113523223694888,NORMAL,BENIGN,True
0.0038386944422656513,NORMAL,BENIGN,True
0.005007029459051841,NORMAL,BENIGN,True
0.005007029459051841,NORMAL,BENIGN,True
0.009607788695173635,NORMAL,BENIGN,True
0.0044290928224152,NORMAL,BENIGN,True
0.002992574445679474,NORMAL,BENIGN,True
0.0018889717261385396,NORMAL,BENIGN,True
0.0012175438649404378,NORMAL,BENIGN,True
2.4259993837678074e-05,NORMAL,BENIGN,True
3.425004347181932e-05,NORMAL,BENIGN,True
0.14352919372458758,ANOMALY,BENIGN,False
0.013562462857821107,NORMAL,BENIGN,True
0.14352919372458758,ANOMALY,BENIGN,False
0.004262480084004697,NORMAL,BENIGN,True
0.002218092706386835,NORMAL,BENIGN,True
0.0022627658324947393,NORMAL,BENIGN,True
0.0018565391830865708,NORMAL,BENIGN,True
0.11327647974726977,ANOMALY,BENIGN,False
0.1327951972988381,ANOMALY,BENIGN,False
0.1327951972988381,ANOMALY,BENIGN,False
0.00250675920094098,NORMAL,BENIGN,True
0.14341993480817453,ANOMALY,BENIGN,False
0.0014251060081908813,NORMAL,BENIGN,True
0.0018497675771783552,NORMAL,BENIGN,True
0.005479957000863021,NORMAL,BENIGN,True
0.006871917795574944,NORMAL,BENIGN,True
0.003770944191978249,NORMAL,BENIGN,True
0.005356606153525482,NORMAL,BENIGN,True
0.003970982588120801,NORMAL,BENIGN,True
0.00434329780925692,NORMAL,BENIGN,True
0.10517231383498032,ANOMALY,BENIGN,False
0.0048968324849149964,NORMAL,BENIGN,True
0.0021819213999803304,NORMAL,BENIGN,True
0.00029789797311841136,NORMAL,BENIGN,True
0.000350139798459001,NORMAL,BENIGN,True
0.0003283277714662801,NORMAL,BENIGN,True
0.00032865374959715544,NORMAL,BENIGN,True
0.0005804820207607998,NORMAL,BENIGN,True
0.00982110364443548,NORMAL,BENIGN,True
0.11343445522687826,ANOMALY,BENIGN,False
0.002079978171116579,NORMAL,BENIGN,True
0.14352919372458758,ANOMALY,BENIGN,False
6.014164186374234e-06,NORMAL,BENIGN,True
0.002062838970679098,NORMAL,BENIGN,True
0.11331205478852906,ANOMALY,BENIGN,False
0.11331205478852906,ANOMALY,BENIGN,False
0.0024661809169645105,NORMAL,BENIGN,True
0.002668631617388358,NORMAL,BENIGN,True
0.002799835879721482,NORMAL,BENIGN,True
0.0035419957103332354,NORMAL,BENIGN,True
0.0024661809169645105,NORMAL,BENIGN,True
0.14338804275923184,ANOMALY,BENIGN,False
0.14338804275923184,ANOMALY,BENIGN,False
0.14338804275923184,ANOMALY,BENIGN,False
0.14352919372458758,ANOMALY,BENIGN,False
0.14352919372458758,ANOMALY,BENIGN,False
0.1052736605779703,ANOMALY,BENIGN,False
8.907232571768267e-06,NORMAL,BENIGN,True
0.009607788695173635,NORMAL,BENIGN,True
0.002677272601058763,NORMAL,BENIGN,True
0.002677205374239536,NORMAL,BENIGN,True
0.0026772710502692004,NORMAL,BENIGN,True
0.0026772065938395874,NORMAL,BENIGN,True
0.0026772074479833254,NORMAL,BENIGN,True
0.003967075328424613,NORMAL,BENIGN,True
0.0002980332408339637,NORMAL,BENIGN,True
3.855472117569624e-05,NORMAL,BENIGN,True
0.003431370614144846,NORMAL,BENIGN,True
0.14352919372458758,ANOMALY,BENIGN,False
0.14352919372458758,ANOMALY,BENIGN,False
0.006581921593340528,NORMAL,BENIGN,True
0.009607788695173635,NORMAL,BENIGN,True
0.14352919372458758,ANOMALY,BENIGN,False
0.0044290928224152,NORMAL,BENIGN,True
0.0030188627761392165,NORMAL,BENIGN,True
0.0032447456426730717,NORMAL,BENIGN,True
0.0015383000815944185,NORMAL,BENIGN,True
0.0015284453761940926,NORMAL,BENIGN,True
0.004109503019390112,NORMAL,BENIGN,True
0.0035931991589235844,NORMAL,BENIGN,True
0.11343445522687826,ANOMALY,BENIGN,False
0.11343445522687826,ANOMALY,BENIGN,False
0.00287035793420421,NORMAL,BENIGN,True
0.14352919372458758,ANOMALY,BENIGN,False
0.01047742924635976,NORMAL,BENIGN,True
0.010026356079100386,NORMAL,BENIGN,True
6.696934833453257e-06,NORMAL,BENIGN,True
0.14352919372458758,ANOMALY,BENIGN,False
0.00143371776741155,NORMAL,BENIGN,True
0.11343445522687826,ANOMALY,BENIGN,False
0.004112749298546609,NORMAL,BENIGN,True
0.009603380308455728,NORMAL,BENIGN,True
0.004040618767755153,NORMAL,BENIGN,True
0.004184600957275062,NORMAL,BENIGN,True
0.0032834122845318225,NORMAL,BENIGN,True
0.14352919372458758,ANOMALY,BENIGN,False
0.010492025305932162,NORMAL,BENIGN,True
0.015746812144148352,NORMAL,BENIGN,True
0.00259758303354853,NORMAL,BENIGN,True
0.14360543408288343,ANOMALY,BENIGN,False
0.0034836789321121874,NORMAL,BENIGN,True
0.14360543408288343,ANOMALY,BENIGN,False
0.009607788695173635,NORMAL,BENIGN,True
0.14352919372458758,ANOMALY,BENIGN,False
0.005418402324691803,NORMAL,BENIGN,True
0.005559142063493805,NORMAL,BENIGN,True
0.0048511392451387695,NORMAL,BENIGN,True
0.00543802713953657,NORMAL,BENIGN,True
0.13968452783747684,ANOMALY,BENIGN,False
0.14050536028709346,ANOMALY,BENIGN,False
0.009396055799729328,NORMAL,BENIGN,True
0.08134124013716833,ANOMALY,BENIGN,False
0.14449052438784254,ANOMALY,BENIGN,False
0.08202893011856735,ANOMALY,BENIGN,False
0.08201213332079951,ANOMALY,BENIGN,False
0.007975274303753393,NORMAL,BENIGN,True
0.007975274303711387,NORMAL,BENIGN,True
0.11962555464418163,ANOMALY,BENIGN,False
0.1436832889135241,ANOMALY,BENIGN,False
0.06270729962967171,ANOMALY,BENIGN,False
0.0924111417174921,ANOMALY,BENIGN,False
0.03337337231763333,ANOMALY,BENIGN,False
0.11203857074421543,ANOMALY,BENIGN,False
0.0813396348156985,ANOMALY,BENIGN,False
0.09932979750260734,ANOMALY,BENIGN,False
0.1433209574686452,ANOMALY,BENIGN,False
0.07739276789871513,ANOMALY,BENIGN,False
0.1476247142461628,ANOMALY,BENIGN,False
0.15358848790977497,ANOMALY,BENIGN,False
0.009607788695173635,NORMAL,BENIGN,True
0.07381352841718013,ANOMALY,BENIGN,False
7.743625922020835e-06,NORMAL,BENIGN,True
0.12860989741575002,ANOMALY,BENIGN,False
0.13995010771546232,ANOMALY,BENIGN,False
0.1399500869727903,ANOMALY,BENIGN,False
7.265805176813797e-06,NORMAL,BENIGN,True
7.257588364241952e-06,NORMAL,BENIGN,True
7.425256883416315e-06,NORMAL,BENIGN,True
0.08153923077914653,ANOMALY,BENIGN,False
0.15659444075007867,ANOMALY,BENIGN,False
0.15659905017120873,ANOMALY,BENIGN,False
0.07381342082159291,ANOMALY,BENIGN,False
0.08957101210582458,ANOMALY,BENIGN,False
0.00029821394801866365,NORMAL,BENIGN,True
2.0255788102255434e-06,NORMAL,BENIGN,True
1.5649685350145395e-06,NORMAL,BENIGN,True
0.14044172275111605,ANOMALY,BENIGN,False
0.13835617644062279,ANOMALY,BENIGN,False
0.09500691444005434,ANOMALY,BENIGN,False
0.08540524600450385,ANOMALY,BENIGN,False
0.00014109907472926347,NORMAL,BENIGN,True
0.00014109929047248049,NORMAL,BENIGN,True
0.00014109830897254697,NORMAL,BENIGN,True
0.000141098764555065,NORMAL,BENIGN,True
0.00014109320522023356,NORMAL,BENIGN,True
0.07593411262273388,ANOMALY,BENIGN,False
0.07485508693577496,ANOMALY,BENIGN,False
0.07485104490024462,ANOMALY,BENIGN,False
0.14135046440161328,ANOMALY,BENIGN,False
6.090484813922211e-06,NORMAL,BENIGN,True
0.0688976924177305,ANOMALY,BENIGN,False
6.087567302851134e-06,NORMAL,BENIGN,True
6.08756852247147e-06,NORMAL,BENIGN,True
6.0875627869247265e-06,NORMAL,BENIGN,True
0.06877286077864844,ANOMALY,BENIGN,False
0.00029701363856250766,NORMAL,BENIGN,True
0.14133610899650567,ANOMALY,BENIGN,False
0.13838607988432544,ANOMALY,BENIGN,False
0.13828201124207898,ANOMALY,BENIGN,False
0.07712607522253964,ANOMALY,BENIGN,False
0.07485085211760667,ANOMALY,BENIGN,False
0.07485079191094804,ANOMALY,BENIGN,False
0.07485684175894843,ANOMALY,BENIGN,False
0.1382896614888655,ANOMALY,BENIGN,False
0.04510633298400388,ANOMALY,BENIGN,False
0.0002970086739887447,NORMAL,BENIGN,True
7.543399802566333e-06,NORMAL,BENIGN,True
0.045054089342404374,ANOMALY,BENIGN,False
7.490958599605014e-06,NORMAL,BENIGN,True
7.499938022027637e-06,NORMAL,BENIGN,True
0.04505408855736162,ANOMALY,BENIGN,False
0.000297008606568284,NORMAL,BENIGN,True
0.0002970088979167431,NORMAL,BENIGN,True
6.167527020540225e-06,NORMAL,BENIGN,True
0.04510659573727612,ANOMALY,BENIGN,False
1.1276119503767098e-05,NORMAL,BENIGN,True
7.354390442276192e-06,NORMAL,BENIGN,True
7.45643829087855e-06,NORMAL,BENIGN,True
6.527438289991392e-06,NORMAL,BENIGN,True
0.04505403993475065,ANOMALY,BENIGN,False
0.045054206918398655,ANOMALY,BENIGN,False
6.927491052676929e-06,NORMAL,BENIGN,True
0.00029700857476229833,NORMAL,BENIGN,True
0.0002970091315799011,NORMAL,BENIGN,True
0.008382483782674387,NORMAL,BENIGN,True
0.005231415540837343,NORMAL,BENIGN,True
0.0037971477406255737,NORMAL,BENIGN,True
0.006913587849887534,NORMAL,BENIGN,True
0.005181473013290369,NORMAL,BENIGN,True
0.005546271270311964,NORMAL,BENIGN,True
0.0034742085603577675,NORMAL,BENIGN,True
0.003505973776980538,NORMAL,BENIGN,True
0.0074910510897826885,NORMAL,BENIGN,True
0.004059265326008776,NORMAL,BENIGN,True
0.003833979274538927,NORMAL,BENIGN,True
0.005308837767679872,NORMAL,BENIGN,True
0.007385971009705673,NORMAL,BENIGN,True
0.006912906354331049,NORMAL,BENIGN,True
0.00738597101500662,NORMAL,BENIGN,True
0.004182811302060023,NORMAL,BENIGN,True
0.007385973059905925,NORMAL,BENIGN,True
0.007333432267976549,NORMAL,BENIGN,True
0.007385970855911387,NORMAL,BENIGN,True
0.0025551567277047552,NORMAL,BENIGN,True
0.0026602077211815424,NORMAL,BENIGN,True
0.005261819416505841,NORMAL,BENIGN,True
0.004080914891289264,NORMAL,BENIGN,True
0.007385971009830984,NORMAL,BENIGN,True
0.006809680522745667,NORMAL,BENIGN,True
0.004067166369711051,NORMAL,BENIGN,True
0.007385973888932444,NORMAL,BENIGN,True
0.007385970926733642,NORMAL,BENIGN,True
0.0061117527339408385,NORMAL,BENIGN,True
0.004677597638609551,NORMAL,BENIGN,True
0.003507515000722534,NORMAL,BENIGN,True
0.004523334325544737,NORMAL,BENIGN,True
0.005285426154451083,NORMAL,BENIGN,True
0.007385971012693191,NORMAL,BENIGN,True
0.007385979935201476,NORMAL,BENIGN,True
0.007385970957541534,NORMAL,BENIGN,True
0.004689432002681157,NORMAL,BENIGN,True
0.0039882846158690154,NORMAL,BENIGN,True
0.003921815247965464,NORMAL,BENIGN,True
0.004130559850059301,NORMAL,BENIGN,True
0.007438661574868818,NORMAL,BENIGN,True
0.003804876378144517,NORMAL,BENIGN,True
0.0038778038175979607,NORMAL,BENIGN,True
0.004296685705924354,NORMAL,BENIGN,True
0.004989219200654644,NORMAL,BENIGN,True
0.005968900326794394,NORMAL,BENIGN,True
0.00407371442779392,NORMAL,BENIGN,True
0.004250570531621571,NORMAL,BENIGN,True
0.004741092562986557,NORMAL,BENIGN,True
0.005839123903460175,NORMAL,BENIGN,True
0.005338883156598836,NORMAL,BENIGN,True
0.003745111627646761,NORMAL,BENIGN,True
0.004160634938569369,NORMAL,BENIGN,True
0.0046562146661230435,NORMAL,BENIGN,True
0.004253574017115763,NORMAL,BENIGN,True
0.0056588946585849585,NORMAL,BENIGN,True
0.005952488903030337,NORMAL,BENIGN,True
0.004825933642257197,NORMAL,BENIGN,True
0.004708511953960384,NORMAL,BENIGN,True
0.004447519012005961,NORMAL,BENIGN,True
0.003186168570008997,NORMAL,BENIGN,True
0.0058107333154684025,NORMAL,BENIGN,True
0.003952965906900671,NORMAL,BENIGN,True
0.004499417329721786,NORMAL,BENIGN,True
0.010798235205363493,NORMAL,BENIGN,True
0.003993455635666687,NORMAL,BENIGN,True
0.004971045344585197,NORMAL,BENIGN,True
0.004385809006486541,NORMAL,BENIGN,True
0.004977897471350361,NORMAL,BENIGN,True
0.002712734555557979,NORMAL,BENIGN,True
0.005076352516604473,NORMAL,BENIGN,True
0.0038166660308087625,NORMAL,BENIGN,True
0.0025564411847813,NORMAL,BENIGN,True
0.007019138424125739,NORMAL,BENIGN,True
0.0038166876833291303,NORMAL,BENIGN,True
0.0025564334635307375,NORMAL,BENIGN,True
0.005443926711719965,NORMAL,BENIGN,True
0.004144918310910175,NORMAL,BENIGN,True
0.007333019263331654,NORMAL,BENIGN,True
0.004760945485629282,NORMAL,BENIGN,True
0.004077846944581498,NORMAL,BENIGN,True
0.0054962539644721475,NORMAL,BENIGN,True
0.0042366933989722135,NORMAL,BENIGN,True
0.005916692308935179,NORMAL,BENIGN,True
0.005909368036902413,NORMAL,BENIGN,True
0.004499494485423532,NORMAL,BENIGN,True
0.004761338706554181,NORMAL,BENIGN,True
0.005600724363431637,NORMAL,BENIGN,True
0.005959853435596116,NORMAL,BENIGN,True
0.0070189584769032145,NORMAL,BENIGN,True
0.0066503961471499,NORMAL,BENIGN,True
0.004033097217214958,NORMAL,BENIGN,True
0.00944425318144084,NORMAL,BENIGN,True
0.003835262902295969,NORMAL,BENIGN,True
0.006178508557734437,NORMAL,BENIGN,True
0.012950715657598444,NORMAL,BENIGN,True
0.005652816771052598,NORMAL,BENIGN,True
0.0038161684031483897,NORMAL,BENIGN,True
0.0036584736539853994,NORMAL,BENIGN,True
0.0046562178757148945,NORMAL,BENIGN,True
0.002977194271767424,NORMAL,BENIGN,True
0.003962125903712349,NORMAL,BENIGN,True
0.005390895891281324,NORMAL,BENIGN,True
0.00462591785142483,NORMAL,BENIGN,True
0.009171434860152145,NORMAL,BENIGN,True
0.005811609669405176,NORMAL,BENIGN,True
0.007075852314136592,NORMAL,BENIGN,True
0.004426085781556648,NORMAL,BENIGN,True
0.005338950286967577,NORMAL,BENIGN,True
0.005732096814293448,NORMAL,BENIGN,True
0.004462313828677589,NORMAL,BENIGN,True
0.0033438976495816612,NORMAL,BENIGN,True
0.007304577202121728,NORMAL,BENIGN,True
0.0067029076544936365,NORMAL,BENIGN,True
0.00719766012603476,NORMAL,BENIGN,True
0.006562869373309069,NORMAL,BENIGN,True
0.006014087838695613,NORMAL,BENIGN,True
0.011580456277244236,NORMAL,BENIGN,True
0.00691302524164332,NORMAL,BENIGN,True
0.00703366386268805,NORMAL,BENIGN,True
0.0027142754088792954,NORMAL,BENIGN,True
0.0117437180897251,NORMAL,BENIGN,True
0.008908823923118842,NORMAL,BENIGN,True
0.006650588284053403,NORMAL,BENIGN,True
0.009171259552310667,NORMAL,BENIGN,True
0.009441797801629567,NORMAL,BENIGN,True
0.00612535039199543,NORMAL,BENIGN,True
0.003833513325863795,NORMAL,BENIGN,True
0.005023936468701297,NORMAL,BENIGN,True
0.003992620948335064,NORMAL,BENIGN,True
0.0042520711716321465,NORMAL,BENIGN,True
0.00854054041737433,NORMAL,BENIGN,True
0.008880330180589346,NORMAL,BENIGN,True
0.005232892778421134,NORMAL,BENIGN,True
0.008817513299042226,NORMAL,BENIGN,True
0.010798237755710514,NORMAL,BENIGN,True
0.005817266740946883,NORMAL,BENIGN,True
0.005390387479785028,NORMAL,BENIGN,True
0.011225596929404197,NORMAL,BENIGN,True
0.007175499238697905,NORMAL,BENIGN,True
0.005286127003529841,NORMAL,BENIGN,True
0.0038170469191272905,NORMAL,BENIGN,True
0.008909119899941276,NORMAL,BENIGN,True
0.005600525742110122,NORMAL,BENIGN,True
0.006704008010660395,NORMAL,BENIGN,True
0.00575922923330003,NORMAL,BENIGN,True
0.004191881514570684,NORMAL,BENIGN,True
0.006952865396393184,NORMAL,BENIGN,True
0.00426709297156326,NORMAL,BENIGN,True
0.005232972776412876,NORMAL,BENIGN,True
0.008880920658998046,NORMAL,BENIGN,True
0.006912906968564529,NORMAL,BENIGN,True
0.00735495975712282,NORMAL,BENIGN,True
0.007227944843327438,NORMAL,BENIGN,True
0.009436986579360429,NORMAL,BENIGN,True
0.00401148849295786,NORMAL,BENIGN,True
0.006702910559472563,NORMAL,BENIGN,True
0.008436484581880812,NORMAL,BENIGN,True
0.0067032615578224595,NORMAL,BENIGN,True
0.0038682047896868876,NORMAL,BENIGN,True
0.008880920658998046,NORMAL,BENIGN,True
0.008593052280041485,NORMAL,BENIGN,True
0.07640550988414196,ANOMALY,BENIGN,False
0.15454011544463903,ANOMALY,BENIGN,False
0.07640544227122037,ANOMALY,BENIGN,False
0.07640540382554448,ANOMALY,BENIGN,False
0.07640544224989632,ANOMALY,BENIGN,False
0.07640540416390527,ANOMALY,BENIGN,False
0.10125834477625995,ANOMALY,BENIGN,False
0.07640540400455813,ANOMALY,BENIGN,False
0.07640540400165978,ANOMALY,BENIGN,False
0.07640537977715713,ANOMALY,BENIGN,False
0.14332104767156992,ANOMALY,BENIGN,False
0.07640540183629647,ANOMALY,BENIGN,False
0.14332261122916135,ANOMALY,BENIGN,False
0.07640497845338592,ANOMALY,BENIGN,False
0.1433223958388873,ANOMALY,BENIGN,False
0.15454383460814552,ANOMALY,BENIGN,False
0.0764049784507039,ANOMALY,BENIGN,False
0.15068295404161586,ANOMALY,BENIGN,False
0.14898786995849903,ANOMALY,BENIGN,False
0.1484725800257399,ANOMALY,BENIGN,False
0.1433210543026915,ANOMALY,BENIGN,False
0.1485797516281494,ANOMALY,BENIGN,False
0.14332253409670853,ANOMALY,BENIGN,False
0.07640492778496194,ANOMALY,BENIGN,False
6.103754336639542e-06,NORMAL,BENIGN,True
6.10375469589194e-06,NORMAL,BENIGN,True
6.103689725251152e-06,NORMAL,BENIGN,True
3.598165267546677e-05,NORMAL,BENIGN,True
0.005981705338960905,NORMAL,BENIGN,True
0.006488931264038813,NORMAL,BENIGN,True
0.001827849468868141,NORMAL,BENIGN,True
0.14331354788005113,ANOMALY,BENIGN,False
0.1433124088514782,ANOMALY,BENIGN,False
2.2494272418596072e-07,NORMAL,BENIGN,True
0.07641976251730459,ANOMALY,BENIGN,False
9.643876697768327e-06,NORMAL,BENIGN,True
4.968730965331972e-06,NORMAL,BENIGN,True
0.08272102397804869,ANOMALY,BENIGN,False
0.14362226805652997,ANOMALY,BENIGN,False
0.05759117469491667,ANOMALY,BENIGN,False
0.09344261594232976,ANOMALY,BENIGN,False
5.678015582203738e-06,NORMAL,BENIGN,True
0.00029702318555133514,NORMAL,BENIGN,True
0.0775374136468775,ANOMALY,BENIGN,False
0.1426223059601325,ANOMALY,BENIGN,False
0.09314082386952342,ANOMALY,BENIGN,False
0.11281894542621675,ANOMALY,BENIGN,False
0.11282372608405342,ANOMALY,BENIGN,False
6.0867910411171895e-06,NORMAL,BENIGN,True
6.083850055850518e-06,NORMAL,BENIGN,True
0.10555099042002059,ANOMALY,BENIGN,False
0.10528325702436903,ANOMALY,BENIGN,False
0.09344519714718037,ANOMALY,BENIGN,False
0.10528347562664873,ANOMALY,BENIGN,False
0.10528760186555366,ANOMALY,BENIGN,False
0.10528742099926468,ANOMALY,BENIGN,False
6.08305375158164e-06,NORMAL,BENIGN,True
6.083757500050759e-06,NORMAL,BENIGN,True
0.1052857966786818,ANOMALY,BENIGN,False
0.1052901777895469,ANOMALY,BENIGN,False
0.005829749643693901,NORMAL,BENIGN,True
0.009812620515954914,NORMAL,BENIGN,True
0.007315499907571262,NORMAL,BENIGN,True
0.0070897857996102195,NORMAL,BENIGN,True
0.001954273181020363,NORMAL,BENIGN,True
0.00561571298466368,NORMAL,BENIGN,True
0.0042587864492370725,NORMAL,BENIGN,True
0.004219523635908358,NORMAL,BENIGN,True
0.004069421051339042,NORMAL,BENIGN,True
0.005904753527001119,NORMAL,BENIGN,True
0.15659899000776895,ANOMALY,BENIGN,False
0.1399503585418887,ANOMALY,BENIGN,False
0.11623410263067739,ANOMALY,BENIGN,False
7.782320408059142e-06,NORMAL,BENIGN,True
7.373270275936019e-06,NORMAL,BENIGN,True
4.148706419298295e-06,NORMAL,BENIGN,True
0.07511164690548375,ANOMALY,BENIGN,False
0.14355775352868239,ANOMALY,BENIGN,False
0.10336269438463594,ANOMALY,BENIGN,False
0.08983782641123367,ANOMALY,BENIGN,False
0.08983782938376285,ANOMALY,BENIGN,False
0.10342412137856288,ANOMALY,BENIGN,False
0.10321846911147725,ANOMALY,BENIGN,False
0.019714021756330954,NORMAL,BENIGN,True
0.0035620917325065397,NORMAL,BENIGN,True
0.0033776697265653433,NORMAL,BENIGN,True
0.0035620917325065397,NORMAL,BENIGN,True
0.14332213391165882,ANOMALY,BENIGN,False
0.14423497846057526,ANOMALY,BENIGN,False
0.0041059416214257755,NORMAL,BENIGN,True
0.11679757073802455,ANOMALY,BENIGN,False
7.76834683983571e-06,NORMAL,BENIGN,True
6.082638964051922e-06,NORMAL,BENIGN,True
0.08310442845232047,ANOMALY,BENIGN,False
0.0830935869002674,ANOMALY,BENIGN,False
0.0831156625351384,ANOMALY,BENIGN,False
0.14456827943068606,ANOMALY,BENIGN,False
0.07640670946242148,ANOMALY,BENIGN,False
0.132464614509244,ANOMALY,BENIGN,False
0.09238858087683058,ANOMALY,BENIGN,False
0.09238003218468095,ANOMALY,BENIGN,False
0.1433200440841231,ANOMALY,BENIGN,False
0.14049872731045507,ANOMALY,BENIGN,False
0.09729468882195207,ANOMALY,BENIGN,False
0.08194239352061307,ANOMALY,BENIGN,False
0.09336077597494508,ANOMALY,BENIGN,False
0.07643977051786097,ANOMALY,BENIGN,False
0.14875826614943047,ANOMALY,BENIGN,False
0.14332216623334,ANOMALY,BENIGN,False
0.13676706464676186,ANOMALY,BENIGN,False
7.793605422972768e-06,NORMAL,BENIGN,True
0.13676675414673461,ANOMALY,BENIGN,False
6.87168377372695e-06,NORMAL,BENIGN,True
0.08211555984960549,ANOMALY,BENIGN,False
0.13766390778260687,ANOMALY,BENIGN,False
0.08136800267856195,ANOMALY,BENIGN,False
0.09324390359042398,ANOMALY,BENIGN,False
0.15074651248275203,ANOMALY,BENIGN,False
0.143310432105951,ANOMALY,BENIGN,False
0.1433104209173342,ANOMALY,BENIGN,False
0.07647813923314228,ANOMALY,BENIGN,False
1.0801530387471166e-05,NORMAL,BENIGN,True
0.07647812827187794,ANOMALY,BENIGN,False
0.00029693759166657315,NORMAL,BENIGN,True
0.0002969393020498153,NORMAL,BENIGN,True
0.00029693819460336034,NORMAL,BENIGN,True
1.0208528801142554e-05,NORMAL,BENIGN,True
0.07640616015759241,ANOMALY,BENIGN,False
0.07679975559394696,ANOMALY,BENIGN,False
1.0090711065810436e-05,NORMAL,BENIGN,True
0.07025893876157786,ANOMALY,BENIGN,False
0.07029178562028131,ANOMALY,BENIGN,False
0.07028790939832741,ANOMALY,BENIGN,False
6.080552333299368e-06,NORMAL,BENIGN,True
0.07026541226730051,ANOMALY,BENIGN,False
0.07026090039733321,ANOMALY,BENIGN,False
0.09325945219705649,ANOMALY,BENIGN,False
0.08178393302039783,ANOMALY,BENIGN,False
0.0722561996702549,ANOMALY,BENIGN,False
0.13205787118323012,ANOMALY,BENIGN,False
0.13205787118313744,ANOMALY,BENIGN,False
0.09445902115698235,ANOMALY,BENIGN,False
0.1356703533821544,ANOMALY,BENIGN,False
0.09445871005992759,ANOMALY,BENIGN,False
0.0026076821298879694,NORMAL,BENIGN,True
0.005698385758788236,NORMAL,BENIGN,True
0.0002970233770840673,NORMAL,BENIGN,True
0.14133101995586522,ANOMALY,BENIGN,False
0.004361316054094342,NORMAL,BENIGN,True
6.081656340752337e-06,NORMAL,BENIGN,True
6.081655944170809e-06,NORMAL,BENIGN,True
0.09400987703100942,ANOMALY,BENIGN,False
0.09400951010382311,ANOMALY,BENIGN,False
0.0002970299172645302,NORMAL,BENIGN,True
0.00029702996769605597,NORMAL,BENIGN,True
0.09913520754061012,ANOMALY,BENIGN,False
0.0024010693419542644,NORMAL,BENIGN,True
0.09351649919238339,ANOMALY,BENIGN,False
0.08093268443255917,ANOMALY,BENIGN,False
0.14896231706873536,ANOMALY,BENIGN,False
0.07578331500902807,ANOMALY,BENIGN,False
0.14397098576859413,ANOMALY,BENIGN,False
0.11189849565023947,ANOMALY,BENIGN,False
6.978886872087049e-06,NORMAL,BENIGN,True
0.09352493537006495,ANOMALY,BENIGN,False
0.08239043924200193,ANOMALY,BENIGN,False
0.14207889517966849,ANOMALY,BENIGN,False
0.05837019988335486,ANOMALY,BENIGN,False
8.834342789427091e-06,NORMAL,BENIGN,True
0.14254084252018429,ANOMALY,BENIGN,False
0.13907238431032595,ANOMALY,BENIGN,False
3.0269940086445322e-05,NORMAL,BENIGN,True
0.0003002113017198574,NORMAL,BENIGN,True
0.009384528413708819,NORMAL,BENIGN,True
0.0763375010806204,ANOMALY,BENIGN,False
0.024325385619229197,ANOMALY,BENIGN,False
0.11189849565023947,ANOMALY,BENIGN,False
0.1261637665650843,ANOMALY,BENIGN,False
6.972916194006939e-06,NORMAL,BENIGN,True
6.973115454962816e-06,NORMAL,BENIGN,True
0.07732142128973575,ANOMALY,BENIGN,False
0.09397800755094284,ANOMALY,BENIGN,False
0.09398236273446903,ANOMALY,BENIGN,False
0.0939854041056891,ANOMALY,BENIGN,False
0.09398672152045702,ANOMALY,BENIGN,False
0.09398432427228912,ANOMALY,BENIGN,False
0.093986400382119,ANOMALY,BENIGN,False
0.09396904969243076,ANOMALY,BENIGN,False
0.07468445451445514,ANOMALY,BENIGN,False
0.0764964527116913,ANOMALY,BENIGN,False
0.00029865519948376175,NORMAL,BENIGN,True
0.10336236048142973,ANOMALY,BENIGN,False
0.14376924529852297,ANOMALY,BENIGN,False
0.058743362633783026,ANOMALY,BENIGN,False
0.07608174676331914,ANOMALY,BENIGN,False
0.068351141138043,ANOMALY,BENIGN,False
0.13745403779302992,ANOMALY,BENIGN,False
0.07422838382671293,ANOMALY,BENIGN,False
0.13745315983554424,ANOMALY,BENIGN,False
0.07422838571568059,ANOMALY,BENIGN,False
0.04177095882844005,ANOMALY,BENIGN,False
0.0808847510062493,ANOMALY,BENIGN,False
0.13748918770649915,ANOMALY,BENIGN,False
0.00013605433260982326,NORMAL,BENIGN,True
0.07818411202239951,ANOMALY,BENIGN,False
0.07558431656642715,ANOMALY,BENIGN,False
0.13744040877356078,ANOMALY,BENIGN,False
6.971154365149382e-06,NORMAL,BENIGN,True
0.06862279436103737,ANOMALY,BENIGN,False
0.058370138623524755,ANOMALY,BENIGN,False
0.07539643705982027,ANOMALY,BENIGN,False
0.07555772477724769,ANOMALY,BENIGN,False
0.07674145675654435,ANOMALY,BENIGN,False
0.03318415189551734,ANOMALY,BENIGN,False
0.0742284919418061,ANOMALY,BENIGN,False
0.07547873864050668,ANOMALY,BENIGN,False
7.047382509912857e-06,NORMAL,BENIGN,True
8.906710891784906e-06,NORMAL,BENIGN,True
8.905042246486762e-06,NORMAL,BENIGN,True
8.907146864610747e-06,NORMAL,BENIGN,True
8.906486210988455e-06,NORMAL,BENIGN,True
6.995476911728971e-06,NORMAL,BENIGN,True
0.009595736291643845,NORMAL,BENIGN,True
0.08040658338236521,ANOMALY,BENIGN,False
0.06004525278779518,ANOMALY,BENIGN,False
0.06004586354714064,ANOMALY,BENIGN,False
0.05958608942835736,ANOMALY,BENIGN,False
0.09337481734000193,ANOMALY,BENIGN,False
0.00029693059769053963,NORMAL,BENIGN,True
0.0002969308852290268,NORMAL,BENIGN,True
0.00029693072640814104,NORMAL,BENIGN,True
0.0002969308995255602,NORMAL,BENIGN,True
0.10898783081695779,ANOMALY,BENIGN,False
0.059951330863265574,ANOMALY,BENIGN,False
0.08214789459411699,ANOMALY,BENIGN,False
0.1437371819724615,ANOMALY,BENIGN,False
0.082066417927355,ANOMALY,BENIGN,False
0.14382028970662517,ANOMALY,BENIGN,False
0.00043967114969523053,NORMAL,BENIGN,True
0.04505421759941307,ANOMALY,BENIGN,False
0.04505421895341673,ANOMALY,BENIGN,False
1.477508705002604e-05,NORMAL,BENIGN,True
6.538926990627401e-06,NORMAL,BENIGN,True
7.011627653820563e-06,NORMAL,BENIGN,True
7.614053978075445e-06,NORMAL,BENIGN,True
0.04510633594192769,ANOMALY,BENIGN,False
0.04510640244171517,ANOMALY,BENIGN,False
8.893167226359619e-06,NORMAL,BENIGN,True
7.2499631086865825e-06,NORMAL,BENIGN,True
0.04510639625836811,ANOMALY,BENIGN,False
0.04510639621206071,ANOMALY,BENIGN,False
0.04510636685078492,ANOMALY,BENIGN,False
7.704579147362984e-06,NORMAL,BENIGN,True
8.892868942608056e-06,NORMAL,BENIGN,True
8.892938771755286e-06,NORMAL,BENIGN,True
7.016821514892226e-06,NORMAL,BENIGN,True
7.59387965191739e-06,NORMAL,BENIGN,True
0.14383511221428832,ANOMALY,BENIGN,False
0.011743057266074648,NORMAL,BENIGN,True
0.008882055331826583,NORMAL,BENIGN,True
0.005978647868060665,NORMAL,BENIGN,True
0.007490408740722748,NORMAL,BENIGN,True
0.003517110835551948,NORMAL,BENIGN,True
0.006492996530555946,NORMAL,BENIGN,True
0.005652945716781275,NORMAL,BENIGN,True
0.006116202753758695,NORMAL,BENIGN,True
0.0025025577212754906,NORMAL,BENIGN,True
0.008855559175489304,NORMAL,BENIGN,True
0.0025026066099708777,NORMAL,BENIGN,True
0.007490407806375629,NORMAL,BENIGN,True
0.005843442199046798,NORMAL,BENIGN,True
0.006965493385087575,NORMAL,BENIGN,True
0.004760357143828661,NORMAL,BENIGN,True
0.013685343827098906,NORMAL,BENIGN,True
0.010850566125214697,NORMAL,BENIGN,True
0.003763735196263394,NORMAL,BENIGN,True
0.0058490665251371724,NORMAL,BENIGN,True
0.003080097130670499,NORMAL,BENIGN,True
0.006890469043929581,NORMAL,BENIGN,True
0.004130175396462379,NORMAL,BENIGN,True
0.003893161895135048,NORMAL,BENIGN,True
0.004936120993483334,NORMAL,BENIGN,True
0.004497922489401606,NORMAL,BENIGN,True
0.004631624757871,NORMAL,BENIGN,True
0.005547802943983164,NORMAL,BENIGN,True
0.005390478223647366,NORMAL,BENIGN,True
0.0058393446116321085,NORMAL,BENIGN,True
0.006432820561805394,NORMAL,BENIGN,True
0.0038676864905325204,NORMAL,BENIGN,True
0.005232792284149468,NORMAL,BENIGN,True
0.006334500253022603,NORMAL,BENIGN,True
0.0031852299866686473,NORMAL,BENIGN,True
0.00339540746596102,NORMAL,BENIGN,True
0.005712717422629132,NORMAL,BENIGN,True
0.007227945619833798,NORMAL,BENIGN,True
0.007215580614355211,NORMAL,BENIGN,True
0.008540541656927551,NORMAL,BENIGN,True
0.005127928298529874,NORMAL,BENIGN,True
0.00737727418392694,NORMAL,BENIGN,True
0.005492453945021369,NORMAL,BENIGN,True
0.004025237033429599,NORMAL,BENIGN,True
0.006912834395288968,NORMAL,BENIGN,True
0.011843628406078678,NORMAL,BENIGN,True
0.0047586131974719365,NORMAL,BENIGN,True
0.005555225473975458,NORMAL,BENIGN,True
0.005559038544645924,NORMAL,BENIGN,True
0.0049806913301807774,NORMAL,BENIGN,True
0.005056805783002927,NORMAL,BENIGN,True
0.004550224055958543,NORMAL,BENIGN,True
0.00484888396519108,NORMAL,BENIGN,True
0.005595756030804205,NORMAL,BENIGN,True
0.0052807677951671045,NORMAL,BENIGN,True
0.004968141715287613,NORMAL,BENIGN,True
0.005051544861254762,NORMAL,BENIGN,True
0.00362502294086851,NORMAL,BENIGN,True
0.005031217377821507,NORMAL,BENIGN,True
0.0052537919725004455,NORMAL,BENIGN,True
0.004882277169346436,NORMAL,BENIGN,True
0.004898604573147096,NORMAL,BENIGN,True
0.005396160728134845,NORMAL,BENIGN,True
0.005073039844164098,NORMAL,BENIGN,True
0.007038239662169198,NORMAL,BENIGN,True
0.005410390201303601,NORMAL,BENIGN,True
0.009012924802674443,NORMAL,BENIGN,True
0.0054360506182694075,NORMAL,BENIGN,True
0.005378768146313168,NORMAL,BENIGN,True
0.00875052702406171,NORMAL,BENIGN,True
0.006714265952841154,NORMAL,BENIGN,True
0.0023450517300406546,NORMAL,BENIGN,True
0.003447899932319969,NORMAL,BENIGN,True
0.00633541542612951,NORMAL,BENIGN,True
0.011093497235340548,NORMAL,BENIGN,True
0.003695844270481856,NORMAL,BENIGN,True
0.004970233288970035,NORMAL,BENIGN,True
0.008011031489573023,NORMAL,BENIGN,True
0.007910466302287826,NORMAL,BENIGN,True
0.011638084253718088,NORMAL,BENIGN,True
0.0066390851512391795,NORMAL,BENIGN,True
0.008592966416430722,NORMAL,BENIGN,True
0.006581987230610686,NORMAL,BENIGN,True
0.004917807472419136,NORMAL,BENIGN,True
0.003419114087019561,NORMAL,BENIGN,True
0.00827803141787348,NORMAL,BENIGN,True
0.009405560128361128,NORMAL,BENIGN,True
0.0042879373239872376,NORMAL,BENIGN,True
0.002555155043003396,NORMAL,BENIGN,True
0.012837253542473974,NORMAL,BENIGN,True
0.005654726621320388,NORMAL,BENIGN,True
0.0034525068252852487,NORMAL,BENIGN,True
0.009695487942794548,NORMAL,BENIGN,True
0.009905571743128307,NORMAL,BENIGN,True
0.011690549968759931,NORMAL,BENIGN,True
0.005180265393835127,NORMAL,BENIGN,True
0.004025253690276597,NORMAL,BENIGN,True
0.01272152933352575,NORMAL,BENIGN,True
0.004890336957871692,NORMAL,BENIGN,True
0.005251585824088823,NORMAL,BENIGN,True
0.0030232841805369897,NORMAL,BENIGN,True
0.009597863580824071,NORMAL,BENIGN,True
0.006677996610727995,NORMAL,BENIGN,True
0.004998530249156503,NORMAL,BENIGN,True
0.00938059428871742,NORMAL,BENIGN,True
0.00323780158146983,NORMAL,BENIGN,True
0.0068385739773007435,NORMAL,BENIGN,True
0.004077806406692307,NORMAL,BENIGN,True
0.0031861516780429425,NORMAL,BENIGN,True
0.0037102192868013685,NORMAL,BENIGN,True
0.007175419779214666,NORMAL,BENIGN,True
0.009170674003140205,NORMAL,BENIGN,True
0.008803004016089997,NORMAL,BENIGN,True
0.0070677182460690555,NORMAL,BENIGN,True
0.005127849073562576,NORMAL,BENIGN,True
0.005705494319472264,NORMAL,BENIGN,True
0.011848009326826111,NORMAL,BENIGN,True
0.012425648682162005,NORMAL,BENIGN,True
0.0032280074363808886,NORMAL,BENIGN,True
0.0052922609868585446,NORMAL,BENIGN,True
0.008041563322343967,NORMAL,BENIGN,True
0.012198727884994034,NORMAL,BENIGN,True
0.012257483942934475,NORMAL,BENIGN,True
0.007595541455328774,NORMAL,BENIGN,True
0.00591536824251619,NORMAL,BENIGN,True
0.004340183149662724,NORMAL,BENIGN,True
0.005180237793212349,NORMAL,BENIGN,True
0.0037450103849139818,NORMAL,BENIGN,True
0.00481282912798659,NORMAL,BENIGN,True
0.003967442991475415,NORMAL,BENIGN,True
0.0039728002432535756,NORMAL,BENIGN,True
0.005337778799214443,NORMAL,BENIGN,True
0.0053378985423579856,NORMAL,BENIGN,True
0.0061928433172902635,NORMAL,BENIGN,True
0.00573233793933241,NORMAL,BENIGN,True
0.006177798334287455,NORMAL,BENIGN,True
0.005967927531580302,NORMAL,BENIGN,True
0.0034874893323729034,NORMAL,BENIGN,True
0.005305147103677249,NORMAL,BENIGN,True
0.007227869088228313,NORMAL,BENIGN,True
0.004340255066124998,NORMAL,BENIGN,True
0.015995104383962223,NORMAL,BENIGN,True
0.003686816213132901,NORMAL,BENIGN,True
0.006020368219948542,NORMAL,BENIGN,True
0.005075295699942435,NORMAL,BENIGN,True
0.004497829326840833,NORMAL,BENIGN,True
0.012688057947631762,NORMAL,BENIGN,True
0.005179987801977154,NORMAL,BENIGN,True
0.006912856562731235,NORMAL,BENIGN,True
0.012903343433957258,NORMAL,BENIGN,True
0.005278079667257673,NORMAL,BENIGN,True
0.006912857011748164,NORMAL,BENIGN,True
0.005127823293584695,NORMAL,BENIGN,True
0.006282454031309421,NORMAL,BENIGN,True
0.005515952434000663,NORMAL,BENIGN,True
0.006365054712276071,NORMAL,BENIGN,True
0.00659783493375197,NORMAL,BENIGN,True
0.00413023968307485,NORMAL,BENIGN,True
0.009461766433564122,NORMAL,BENIGN,True
0.00565821814284401,NORMAL,BENIGN,True
0.005234098012092723,NORMAL,BENIGN,True
0.004304058495539836,NORMAL,BENIGN,True
0.011245584892499688,NORMAL,BENIGN,True
0.005512031492478888,NORMAL,BENIGN,True
0.005581934336896526,NORMAL,BENIGN,True
0.00901291362836312,NORMAL,BENIGN,True
0.010955571428913558,NORMAL,BENIGN,True
0.0028177862862481472,NORMAL,BENIGN,True
0.004955055392937957,NORMAL,BENIGN,True
0.0073958838694123405,NORMAL,BENIGN,True
0.04127135332417057,ANOMALY,BENIGN,False
0.0028177586145953734,NORMAL,BENIGN,True
0.004304137968037256,NORMAL,BENIGN,True
0.00918229282261109,NORMAL,BENIGN,True
0.004144312557170243,NORMAL,BENIGN,True
0.004544429994592922,NORMAL,BENIGN,True
0.004287697290616314,NORMAL,BENIGN,True
0.004038197312478008,NORMAL,BENIGN,True
0.002660182383818703,NORMAL,BENIGN,True
0.003677979978474435,NORMAL,BENIGN,True
0.003912620616346611,NORMAL,BENIGN,True
0.004445280129863971,NORMAL,BENIGN,True
0.0039917493901316554,NORMAL,BENIGN,True
0.005090329104385592,NORMAL,BENIGN,True
0.003185141174563764,NORMAL,BENIGN,True
0.00531157692444907,NORMAL,BENIGN,True
0.002450081777925322,NORMAL,BENIGN,True
0.007227955335620943,NORMAL,BENIGN,True
0.005967831555130952,NORMAL,BENIGN,True
0.006602817085055911,NORMAL,BENIGN,True
0.010377984410356606,NORMAL,BENIGN,True
0.0057578059969920015,NORMAL,BENIGN,True
0.0074904282694635265,NORMAL,BENIGN,True
0.006125378003518939,NORMAL,BENIGN,True
0.0038676994919727816,NORMAL,BENIGN,True
0.0031326195960328894,NORMAL,BENIGN,True
0.010364515653504103,NORMAL,BENIGN,True
0.00455036632723079,NORMAL,BENIGN,True
0.006832602247559327,NORMAL,BENIGN,True
0.007231309897434475,NORMAL,BENIGN,True
0.0026601922450337602,NORMAL,BENIGN,True
0.012425424982249746,NORMAL,BENIGN,True
0.005967841979388615,NORMAL,BENIGN,True
0.009433046193370178,NORMAL,BENIGN,True
0.005127760227859105,NORMAL,BENIGN,True
0.007752985848358238,NORMAL,BENIGN,True
0.006253576346709958,NORMAL,BENIGN,True
0.008645528812080331,NORMAL,BENIGN,True
0.009812272167181533,NORMAL,BENIGN,True
0.005142271295282535,NORMAL,BENIGN,True
0.004760358262038691,NORMAL,BENIGN,True
0.002555131700537376,NORMAL,BENIGN,True
0.0053903714149701075,NORMAL,BENIGN,True
0.005442752776857862,NORMAL,BENIGN,True
0.010482962345928753,NORMAL,BENIGN,True
0.010336707218878966,NORMAL,BENIGN,True
0.007457468895638899,NORMAL,BENIGN,True
0.0033952318234568507,NORMAL,BENIGN,True
0.006282801418226613,NORMAL,BENIGN,True
0.010049491878705723,NORMAL,BENIGN,True
0.017464827229431417,NORMAL,BENIGN,True
0.00733288713902801,NORMAL,BENIGN,True
0.00869396435267591,NORMAL,BENIGN,True
0.008172910845077805,NORMAL,BENIGN,True
0.004673945775562859,NORMAL,BENIGN,True
0.0035438774544004135,NORMAL,BENIGN,True
0.005285323811835654,NORMAL,BENIGN,True
0.002502630960065488,NORMAL,BENIGN,True
0.007280460482808161,NORMAL,BENIGN,True
0.0027652326714416543,NORMAL,BENIGN,True
0.003290196639239131,NORMAL,BENIGN,True
0.009013042575183499,NORMAL,BENIGN,True
0.007385554513929389,NORMAL,BENIGN,True
0.004130224784450584,NORMAL,BENIGN,True
0.007227934003126539,NORMAL,BENIGN,True
0.006492865226622227,NORMAL,BENIGN,True
0.006912856186940863,NORMAL,BENIGN,True
0.008855457402713833,NORMAL,BENIGN,True
0.009013022319636604,NORMAL,BENIGN,True
0.00654541708519175,NORMAL,BENIGN,True
0.00717538183499607,NORMAL,BENIGN,True
0.007280431062570366,NORMAL,BENIGN,True
0.005600262873647979,NORMAL,BENIGN,True
0.0037739128565585935,NORMAL,BENIGN,True
0.15621819082403154,ANOMALY,BENIGN,False
0.15124136329704863,ANOMALY,BENIGN,False
0.11495948087925609,ANOMALY,BENIGN,False
0.1512418295860466,ANOMALY,BENIGN,False
0.15123172780514982,ANOMALY,BENIGN,False
0.1494792414672744,ANOMALY,BENIGN,False
9.24266505113383e-06,NORMAL,BENIGN,True
9.125447804017183e-06,NORMAL,BENIGN,True
2.3995390355348075e-05,NORMAL,BENIGN,True
0.0010448618618615906,NORMAL,BENIGN,True
7.787512552886332e-06,NORMAL,BENIGN,True
0.030962201790820067,ANOMALY,BENIGN,False
0.14253925510185794,ANOMALY,BENIGN,False
0.15416657574105502,ANOMALY,BENIGN,False
0.153025756978853,ANOMALY,BENIGN,False
0.030938973630440715,ANOMALY,BENIGN,False
7.706840166694476e-06,NORMAL,BENIGN,True
7.381885111346159e-07,NORMAL,BENIGN,True
8.46111224866039e-07,NORMAL,BENIGN,True
7.938093221316379e-07,NORMAL,BENIGN,True
0.03311239258013024,ANOMALY,BENIGN,False
0.142536932381921,ANOMALY,BENIGN,False
0.1512552088769455,ANOMALY,BENIGN,False
0.011814498855545455,NORMAL,BENIGN,True
0.008856101568645027,NORMAL,BENIGN,True
0.09361867054697795,ANOMALY,BENIGN,False
0.032054220979595045,ANOMALY,BENIGN,False
6.086541073110579e-06,NORMAL,BENIGN,True
0.00029693955087027916,NORMAL,BENIGN,True
0.1469797785918987,ANOMALY,BENIGN,False
0.14253978664994693,ANOMALY,BENIGN,False
0.14299714810011202,ANOMALY,BENIGN,False
0.15125571392568316,ANOMALY,BENIGN,False
0.151256339708354,ANOMALY,BENIGN,False
0.15125035135418616,ANOMALY,BENIGN,False
0.15125597392492723,ANOMALY,BENIGN,False
0.1512561354602593,ANOMALY,BENIGN,False
0.14254306277025416,ANOMALY,BENIGN,False
0.1512579049216434,ANOMALY,BENIGN,False
0.15125462831035164,ANOMALY,BENIGN,False
0.15125698019257372,ANOMALY,BENIGN,False
0.15125651048830221,ANOMALY,BENIGN,False
0.15125013042539975,ANOMALY,BENIGN,False
0.15125551207933902,ANOMALY,BENIGN,False
0.15125251127360453,ANOMALY,BENIGN,False
0.14361788011919172,ANOMALY,BENIGN,False
0.14254320773809737,ANOMALY,BENIGN,False
0.15125622573909453,ANOMALY,BENIGN,False
0.14254042609340947,ANOMALY,BENIGN,False
0.15125020636973663,ANOMALY,BENIGN,False
0.1512577654683565,ANOMALY,BENIGN,False
0.15125537721820942,ANOMALY,BENIGN,False
0.14253787396878703,ANOMALY,BENIGN,False
0.15125640466221865,ANOMALY,BENIGN,False
0.15125729221531575,ANOMALY,BENIGN,False
0.151256278006126,ANOMALY,BENIGN,False
0.1512568908461609,ANOMALY,BENIGN,False
0.1512554837458276,ANOMALY,BENIGN,False
0.1512567380417722,ANOMALY,BENIGN,False
0.14254155375288002,ANOMALY,BENIGN,False
0.15125549569251706,ANOMALY,BENIGN,False
0.15125742738667342,ANOMALY,BENIGN,False
0.14254123971926874,ANOMALY,BENIGN,False
0.1425414246898082,ANOMALY,BENIGN,False
0.15125899939253398,ANOMALY,BENIGN,False
0.15125596115669082,ANOMALY,BENIGN,False
0.15125596834365082,ANOMALY,BENIGN,False
0.15125797724154832,ANOMALY,BENIGN,False
0.1512563373812473,ANOMALY,BENIGN,False
0.15125746194636341,ANOMALY,BENIGN,False
0.15125602192381105,ANOMALY,BENIGN,False
0.15125719818200656,ANOMALY,BENIGN,False
0.14254117829399987,ANOMALY,BENIGN,False
0.15125751014589217,ANOMALY,BENIGN,False
0.1512526016738794,ANOMALY,BENIGN,False
0.1512553384903845,ANOMALY,BENIGN,False
0.1512549599211301,ANOMALY,BENIGN,False
0.1468977762496847,ANOMALY,BENIGN,False
0.15125610301297726,ANOMALY,BENIGN,False
0.15125579082508125,ANOMALY,BENIGN,False
0.14254130542378235,ANOMALY,BENIGN,False
0.15125710662915298,ANOMALY,BENIGN,False
0.1512572951745177,ANOMALY,BENIGN,False
0.15125671079537295,ANOMALY,BENIGN,False
0.1425433751574685,ANOMALY,BENIGN,False
0.15125579703099026,ANOMALY,BENIGN,False
0.14309785223399565,ANOMALY,BENIGN,False
0.09705499672887315,ANOMALY,BENIGN,False
0.05833348998885537,ANOMALY,BENIGN,False
0.05833340256003549,ANOMALY,BENIGN,False
0.05833559716550731,ANOMALY,BENIGN,False
0.05837799408423846,ANOMALY,BENIGN,False
8.30049624757615e-06,NORMAL,BENIGN,True
8.26483084577503e-06,NORMAL,BENIGN,True
8.270918463741079e-06,NORMAL,BENIGN,True
8.30234648895636e-06,NORMAL,BENIGN,True
8.264936434778608e-06,NORMAL,BENIGN,True
8.299737692964789e-06,NORMAL,BENIGN,True
6.968841852276529e-06,NORMAL,BENIGN,True
0.06851525784568188,ANOMALY,BENIGN,False
0.07682218233496027,ANOMALY,BENIGN,False
0.07681928095521488,ANOMALY,BENIGN,False
2.773722135649701e-05,NORMAL,BENIGN,True
0.03828487932878438,ANOMALY,BENIGN,False
0.1425398807546204,ANOMALY,BENIGN,False
0.07578424427751207,ANOMALY,BENIGN,False
0.08120798443529902,ANOMALY,BENIGN,False
9.075372674201783e-07,NORMAL,BENIGN,True
8.688712393004617e-06,NORMAL,BENIGN,True
0.09352213339162004,ANOMALY,BENIGN,False
6.965316242884995e-06,NORMAL,BENIGN,True
0.13222471110289716,ANOMALY,BENIGN,False
6.965329725926544e-06,NORMAL,BENIGN,True
0.11073689579310002,ANOMALY,BENIGN,False
0.11195552924921857,ANOMALY,BENIGN,False
6.962856522262557e-06,NORMAL,BENIGN,True
0.10426245135803153,ANOMALY,BENIGN,False
6.963109114765698e-06,NORMAL,BENIGN,True
6.967480124156778e-06,NORMAL,BENIGN,True
0.10695539207058052,ANOMALY,BENIGN,False
7.654285701138096e-06,NORMAL,BENIGN,True
0.05837021243893462,ANOMALY,BENIGN,False
0.05837021696725359,ANOMALY,BENIGN,False
0.0583702104677739,ANOMALY,BENIGN,False
0.07319071277888872,ANOMALY,BENIGN,False
0.03095085688810495,ANOMALY,BENIGN,False
0.15256942553471703,ANOMALY,BENIGN,False
0.10203519976274535,ANOMALY,BENIGN,False
0.14388674648662528,ANOMALY,BENIGN,False
0.1425423498521737,ANOMALY,BENIGN,False
0.0928872847036198,ANOMALY,BENIGN,False
0.12974000833122662,ANOMALY,BENIGN,False
0.12200729788671605,ANOMALY,BENIGN,False
0.0583701272179254,ANOMALY,BENIGN,False
0.058370123899419965,ANOMALY,BENIGN,False
0.05837012703251372,ANOMALY,BENIGN,False
0.05837012475797075,ANOMALY,BENIGN,False
6.965269254159958e-06,NORMAL,BENIGN,True
0.061997229394606605,ANOMALY,BENIGN,False
0.09354568302980511,ANOMALY,BENIGN,False
0.10336192029225036,ANOMALY,BENIGN,False
0.07578360360380404,ANOMALY,BENIGN,False
0.00010362846844224074,NORMAL,BENIGN,True
0.07578367125919785,ANOMALY,BENIGN,False
8.819426285427762e-06,NORMAL,BENIGN,True
6.969319690128893e-06,NORMAL,BENIGN,True
6.968097043783525e-06,NORMAL,BENIGN,True
0.07293207775904831,ANOMALY,BENIGN,False
8.833608953866927e-06,NORMAL,BENIGN,True
0.06129968551986217,ANOMALY,BENIGN,False
0.05977479458761657,ANOMALY,BENIGN,False
0.14387308900534143,ANOMALY,BENIGN,False
0.07793140188755765,ANOMALY,BENIGN,False
6.968587883196097e-06,NORMAL,BENIGN,True
0.07684307028409408,ANOMALY,BENIGN,False
0.05837017069811131,ANOMALY,BENIGN,False
0.03356731348423631,ANOMALY,BENIGN,False
0.10895337616389107,ANOMALY,BENIGN,False
0.13962724636798896,ANOMALY,BENIGN,False
0.011956674109500746,NORMAL,BENIGN,True
6.9471523360610635e-06,NORMAL,BENIGN,True
0.010643635732374859,NORMAL,BENIGN,True
8.833435208850257e-06,NORMAL,BENIGN,True
8.831274278876149e-06,NORMAL,BENIGN,True
6.968588040524048e-06,NORMAL,BENIGN,True
0.06872988135737146,ANOMALY,BENIGN,False
0.1428653797772804,ANOMALY,BENIGN,False
0.024325385619229197,ANOMALY,BENIGN,False
0.06162402213487859,ANOMALY,BENIGN,False
0.09289784059627303,ANOMALY,BENIGN,False
8.67972164260297e-06,NORMAL,BENIGN,True
0.09421311047778942,ANOMALY,BENIGN,False
0.10087215983261462,ANOMALY,BENIGN,False
0.10061183985510216,ANOMALY,BENIGN,False
0.005986887945834156,NORMAL,BENIGN,True
0.13398346679329884,ANOMALY,BENIGN,False
0.13386462654928682,ANOMALY,BENIGN,False
0.14261626147115974,ANOMALY,BENIGN,False
0.14268719588209988,ANOMALY,BENIGN,False
0.143027763351213,ANOMALY,BENIGN,False
0.13649022395891197,ANOMALY,BENIGN,False
8.718977211640002e-06,NORMAL,BENIGN,True
8.721245390007232e-06,NORMAL,BENIGN,True
8.780192992064448e-06,NORMAL,BENIGN,True
8.73994760643424e-06,NORMAL,BENIGN,True
8.713274335267732e-06,NORMAL,BENIGN,True
8.725723913430203e-06,NORMAL,BENIGN,True
6.969671962532007e-06,NORMAL,BENIGN,True
6.969797010327955e-06,NORMAL,BENIGN,True
0.1436566807561129,ANOMALY,BENIGN,False
0.14283289201119018,ANOMALY,BENIGN,False
0.15185259941153167,ANOMALY,BENIGN,False
0.15117643512885579,ANOMALY,BENIGN,False
8.721091356762153e-06,NORMAL,BENIGN,True
8.717367511855361e-06,NORMAL,BENIGN,True
8.725673451630405e-06,NORMAL,BENIGN,True
8.719391049709542e-06,NORMAL,BENIGN,True
0.08942940751566608,ANOMALY,BENIGN,False
0.10292584653247028,ANOMALY,BENIGN,False
0.0025926514869976792,NORMAL,BENIGN,True
0.03243106828089811,ANOMALY,BENIGN,False
0.032432909399189594,ANOMALY,BENIGN,False
0.03304155340571324,ANOMALY,BENIGN,False
0.03253847624091017,ANOMALY,BENIGN,False
0.032431374487357625,ANOMALY,BENIGN,False
6.988125274034073e-06,NORMAL,BENIGN,True
8.529174083691675e-06,NORMAL,BENIGN,True
8.47896683840105e-06,NORMAL,BENIGN,True
8.523887181867114e-06,NORMAL,BENIGN,True
8.52571355614883e-06,NORMAL,BENIGN,True
8.457513728355817e-06,NORMAL,BENIGN,True
0.07579156442096949,ANOMALY,BENIGN,False
0.018672222266956126,NORMAL,BENIGN,True
4.7527059682750225e-05,NORMAL,BENIGN,True
0.13676838215453255,ANOMALY,BENIGN,False
0.018672512171720425,NORMAL,BENIGN,True
0.07579419490754928,ANOMALY,BENIGN,False
0.13676744134091603,ANOMALY,BENIGN,False
5.1640997303819884e-05,NORMAL,BENIGN,True
0.07579050552288895,ANOMALY,BENIGN,False
4.914709969855812e-06,NORMAL,BENIGN,True
1.1265262061122251e-05,NORMAL,BENIGN,True
0.07579375265242469,ANOMALY,BENIGN,False
1.0479274685031505e-05,NORMAL,BENIGN,True
5.9445183949622e-06,NORMAL,BENIGN,True
0.07579296925231838,ANOMALY,BENIGN,False
0.07579354355472813,ANOMALY,BENIGN,False
0.03427411653648593,ANOMALY,BENIGN,False
0.08234085835938436,ANOMALY,BENIGN,False
3.961639150795924e-06,NORMAL,BENIGN,True
3.7584411860978903e-06,NORMAL,BENIGN,True
0.14254160575888977,ANOMALY,BENIGN,False
0.14254060826707995,ANOMALY,BENIGN,False
0.1367675673056145,ANOMALY,BENIGN,False
0.15633569074764042,ANOMALY,BENIGN,False
0.07579188425790631,ANOMALY,BENIGN,False
0.14254029443172558,ANOMALY,BENIGN,False
2.2288225396705817e-05,NORMAL,BENIGN,True
4.29603717204031e-06,NORMAL,BENIGN,True
8.830676301011441e-06,NORMAL,BENIGN,True
3.553962789988703e-05,NORMAL,BENIGN,True
0.14254119787687722,ANOMALY,BENIGN,False
0.13676736336591375,ANOMALY,BENIGN,False
0.15124742953676132,ANOMALY,BENIGN,False
0.13676741405269474,ANOMALY,BENIGN,False
0.01830486889453018,NORMAL,BENIGN,True
1.4156215181882708e-06,NORMAL,BENIGN,True
0.00013164703777973573,NORMAL,BENIGN,True
7.817863614061974e-06,NORMAL,BENIGN,True
7.727026750727964e-06,NORMAL,BENIGN,True
7.75179990553903e-06,NORMAL,BENIGN,True
7.742881915007997e-06,NORMAL,BENIGN,True
0.00036950661907384267,NORMAL,BENIGN,True
2.0284652031306437e-05,NORMAL,BENIGN,True
0.1367674573767977,ANOMALY,BENIGN,False
3.2274264027649065e-05,NORMAL,BENIGN,True
0.13676754347299724,ANOMALY,BENIGN,False
0.08246620825262271,ANOMALY,BENIGN,False
0.07117949178146236,ANOMALY,BENIGN,False
0.06937761970705335,ANOMALY,BENIGN,False
0.08121285432586468,ANOMALY,BENIGN,False
0.09294769380077689,ANOMALY,BENIGN,False
0.09310450435115974,ANOMALY,BENIGN,False
0.08224401772726411,ANOMALY,BENIGN,False
0.08224462695228518,ANOMALY,BENIGN,False
0.08228566182689064,ANOMALY,BENIGN,False
0.09189009338869922,ANOMALY,BENIGN,False
0.09186146394925757,ANOMALY,BENIGN,False
0.058370212736507526,ANOMALY,BENIGN,False
0.05837014186677839,ANOMALY,BENIGN,False
0.05837021029171886,ANOMALY,BENIGN,False
0.06466277812423074,ANOMALY,BENIGN,False
8.43677124860571e-06,NORMAL,BENIGN,True
0.01725857743825094,NORMAL,BENIGN,True
5.640807267514243e-06,NORMAL,BENIGN,True
0.01505443344885485,NORMAL,BENIGN,True
0.00029692994394269205,NORMAL,BENIGN,True
0.08312417218103595,ANOMALY,BENIGN,False
2.5116390064071647e-05,NORMAL,BENIGN,True
0.089100803988701,ANOMALY,BENIGN,False
0.07835946627441871,ANOMALY,BENIGN,False
0.0952808650019839,ANOMALY,BENIGN,False
0.061493328261817186,ANOMALY,BENIGN,False
0.07125761593659266,ANOMALY,BENIGN,False
0.0654382160640449,ANOMALY,BENIGN,False
0.0756749387493491,ANOMALY,BENIGN,False
0.06543830004949028,ANOMALY,BENIGN,False
0.07125758091055627,ANOMALY,BENIGN,False
0.07125750444814324,ANOMALY,BENIGN,False
0.09174989172989467,ANOMALY,BENIGN,False
0.09293170697113963,ANOMALY,BENIGN,False
0.08638887186005709,ANOMALY,BENIGN,False
0.07578456678951949,ANOMALY,BENIGN,False
0.14254267148710642,ANOMALY,BENIGN,False
0.08635548527706706,ANOMALY,BENIGN,False
0.12974000833122662,ANOMALY,BENIGN,False
0.06576316314854502,ANOMALY,BENIGN,False
0.1496050002452805,ANOMALY,BENIGN,False
0.024797696288241838,ANOMALY,BENIGN,False
0.03352586599549581,ANOMALY,BENIGN,False
0.14360847853550493,ANOMALY,BENIGN,False
0.1441456403992957,ANOMALY,BENIGN,False
0.14414564097362384,ANOMALY,BENIGN,False
0.03265543848781452,ANOMALY,BENIGN,False
0.0938025765397021,ANOMALY,BENIGN,False
0.0003693003302950245,NORMAL,BENIGN,True
0.00036930028265999185,NORMAL,BENIGN,True
0.007871483346425552,NORMAL,BENIGN,True
0.03211872121176258,ANOMALY,BENIGN,False
0.0035651823974640626,NORMAL,BENIGN,True
0.060247962590880805,ANOMALY,BENIGN,False
0.14220845755907321,ANOMALY,BENIGN,False
0.03505400607435079,ANOMALY,BENIGN,False
0.03505466619224493,ANOMALY,BENIGN,False
0.07251241716375971,ANOMALY,BENIGN,False
0.14389410560742638,ANOMALY,BENIGN,False
0.14454113205698876,ANOMALY,BENIGN,False
0.15665482092915262,ANOMALY,BENIGN,False
0.12661074316640436,ANOMALY,BENIGN,False
0.14454574767208192,ANOMALY,BENIGN,False
0.14454481561249896,ANOMALY,BENIGN,False
0.15193771038635995,ANOMALY,BENIGN,False
0.15354222868320383,ANOMALY,BENIGN,False
0.15193567291109208,ANOMALY,BENIGN,False
0.14453594203982476,ANOMALY,BENIGN,False
0.15356214021599446,ANOMALY,BENIGN,False
0.03399707191307582,ANOMALY,BENIGN,False
0.14454104702095932,ANOMALY,BENIGN,False
0.003746388646214488,NORMAL,BENIGN,True
0.0056662923218884975,NORMAL,BENIGN,True
0.005709011800979123,NORMAL,BENIGN,True
0.0037246129011479306,NORMAL,BENIGN,True
0.003908854090403912,NORMAL,BENIGN,True
0.005577031008492925,NORMAL,BENIGN,True
0.005689896584560286,NORMAL,BENIGN,True
0.003652274353093285,NORMAL,BENIGN,True
0.0036591929941791404,NORMAL,BENIGN,True
0.005588792236685411,NORMAL,BENIGN,True
0.00556940981337876,NORMAL,BENIGN,True
0.0057655983132556725,NORMAL,BENIGN,True
0.0035770372085407592,NORMAL,BENIGN,True
0.0038364872914581163,NORMAL,BENIGN,True
0.005528511087462727,NORMAL,BENIGN,True
0.003491080331693459,NORMAL,BENIGN,True
0.003780583552578539,NORMAL,BENIGN,True
0.005500511657669981,NORMAL,BENIGN,True
0.003342629319202208,NORMAL,BENIGN,True
0.004865293399081122,NORMAL,BENIGN,True
0.0029228383581518815,NORMAL,BENIGN,True
0.004182078708815804,NORMAL,BENIGN,True
0.00292283973775045,NORMAL,BENIGN,True
0.006482418903084786,NORMAL,BENIGN,True
0.0036271371313678345,NORMAL,BENIGN,True
0.007052352686806077,NORMAL,BENIGN,True
0.006689528635547472,NORMAL,BENIGN,True
0.005892117725025195,NORMAL,BENIGN,True
0.0037735509841371464,NORMAL,BENIGN,True
0.00600663118228174,NORMAL,BENIGN,True
0.002985936510619978,NORMAL,BENIGN,True
0.0033426291023178002,NORMAL,BENIGN,True
0.006793945339937049,NORMAL,BENIGN,True
0.0032628432599940893,NORMAL,BENIGN,True
0.003605235207202737,NORMAL,BENIGN,True
0.005378081189706176,NORMAL,BENIGN,True
0.0039061880614514196,NORMAL,BENIGN,True
0.003648343306412649,NORMAL,BENIGN,True
0.0054092306240970485,NORMAL,BENIGN,True
0.00554505040104185,NORMAL,BENIGN,True
0.005091249405625458,NORMAL,BENIGN,True
0.005113806792142546,NORMAL,BENIGN,True
0.003548186957048127,NORMAL,BENIGN,True
0.004945046504117056,NORMAL,BENIGN,True
0.0048094479025479345,NORMAL,BENIGN,True
0.005061577761499289,NORMAL,BENIGN,True
0.005801026281636449,NORMAL,BENIGN,True
0.003189393307510225,NORMAL,BENIGN,True
0.005180951643157653,NORMAL,BENIGN,True
0.005232792438886419,NORMAL,BENIGN,True
0.005045916913174812,NORMAL,BENIGN,True
0.005180287534643715,NORMAL,BENIGN,True
0.006142560489452642,NORMAL,BENIGN,True
0.004969549982903676,NORMAL,BENIGN,True
0.005232869806378849,NORMAL,BENIGN,True
0.003427845382551652,NORMAL,BENIGN,True
0.004106351595260745,NORMAL,BENIGN,True
0.00486217188454403,NORMAL,BENIGN,True
0.005285819792680488,NORMAL,BENIGN,True
0.00583426002784625,NORMAL,BENIGN,True
0.005815489672364303,NORMAL,BENIGN,True
0.0036250879998678985,NORMAL,BENIGN,True
0.005232815404413229,NORMAL,BENIGN,True
0.004908984212430584,NORMAL,BENIGN,True
0.004895765085326094,NORMAL,BENIGN,True
0.005232800326707475,NORMAL,BENIGN,True
0.005518408439826054,NORMAL,BENIGN,True
0.0035922766257821736,NORMAL,BENIGN,True
0.0031479824801642986,NORMAL,BENIGN,True
0.003536625418228698,NORMAL,BENIGN,True
0.0035772742383886544,NORMAL,BENIGN,True
0.0038653672711173883,NORMAL,BENIGN,True
0.005810277411655918,NORMAL,BENIGN,True
0.003552562877131826,NORMAL,BENIGN,True
0.005353268827244517,NORMAL,BENIGN,True
0.004917741155210406,NORMAL,BENIGN,True
0.00518029046893218,NORMAL,BENIGN,True
0.01121792879416795,NORMAL,BENIGN,True
0.01121792887966953,NORMAL,BENIGN,True
0.005539087465839796,NORMAL,BENIGN,True
0.005712875924859465,NORMAL,BENIGN,True
0.0032155852572834788,NORMAL,BENIGN,True
0.009537932620327812,NORMAL,BENIGN,True
0.005810277773842002,NORMAL,BENIGN,True
0.0038421024375121494,NORMAL,BENIGN,True
0.007604447692099342,NORMAL,BENIGN,True
0.005180290583579431,NORMAL,BENIGN,True
0.0034912323559748,NORMAL,BENIGN,True
0.0035844994685156387,NORMAL,BENIGN,True
0.004917742182731236,NORMAL,BENIGN,True
0.0038165797543259065,NORMAL,BENIGN,True
0.0049177401422807665,NORMAL,BENIGN,True
0.00491773914153267,NORMAL,BENIGN,True
0.003506024091361805,NORMAL,BENIGN,True
0.0051802902800059435,NORMAL,BENIGN,True
0.002975335542967337,NORMAL,BENIGN,True
0.002975335486548188,NORMAL,BENIGN,True
0.004497786953269849,NORMAL,BENIGN,True
0.006728319010535503,NORMAL,BENIGN,True
0.006702621822097595,NORMAL,BENIGN,True
0.004497786972183993,NORMAL,BENIGN,True
0.00553594465285281,NORMAL,BENIGN,True
0.0036577148274767627,NORMAL,BENIGN,True
0.0032125307216842557,NORMAL,BENIGN,True
0.007017887855254571,NORMAL,BENIGN,True
0.0055925379038014,NORMAL,BENIGN,True
0.003185435129697491,NORMAL,BENIGN,True
0.0031209011368295548,NORMAL,BENIGN,True
0.00556940981337876,NORMAL,BENIGN,True
0.0035905789675711704,NORMAL,BENIGN,True
0.0038477889387952594,NORMAL,BENIGN,True
0.0055602787368920215,NORMAL,BENIGN,True
0.005711528694191742,NORMAL,BENIGN,True
0.004397875881560709,NORMAL,BENIGN,True
0.12011484690395052,ANOMALY,BENIGN,False
0.01701063544992974,NORMAL,BENIGN,True
0.035718944050951655,ANOMALY,BENIGN,False
0.03576865491815236,ANOMALY,BENIGN,False
0.054625993549060455,ANOMALY,BENIGN,False
0.15359553776368673,ANOMALY,BENIGN,False
0.0029444963232976213,NORMAL,BENIGN,True
0.00260750216241498,NORMAL,BENIGN,True
0.0013681837803055162,NORMAL,BENIGN,True
0.00306311735728622,NORMAL,BENIGN,True
0.08345278162059062,ANOMALY,BENIGN,False
0.14386965847467953,ANOMALY,BENIGN,False
0.1438967960948962,ANOMALY,BENIGN,False
0.14386781719698707,ANOMALY,BENIGN,False
0.14518432781638507,ANOMALY,BENIGN,False
0.1438964784448747,ANOMALY,BENIGN,False
0.14386776862678044,ANOMALY,BENIGN,False
0.1438974791173416,ANOMALY,BENIGN,False
0.14385614351396292,ANOMALY,BENIGN,False
0.1438706106522774,ANOMALY,BENIGN,False
0.14387118441086205,ANOMALY,BENIGN,False
0.14389668470909586,ANOMALY,BENIGN,False
0.15395233208814324,ANOMALY,BENIGN,False
0.14518649274138465,ANOMALY,BENIGN,False
0.1438674889277471,ANOMALY,BENIGN,False
0.1451824821512973,ANOMALY,BENIGN,False
0.14389839216291977,ANOMALY,BENIGN,False
0.14393204508191967,ANOMALY,BENIGN,False
0.14390361604541066,ANOMALY,BENIGN,False
0.14390326874762155,ANOMALY,BENIGN,False
0.14439055961216624,ANOMALY,BENIGN,False
0.1451993054973771,ANOMALY,BENIGN,False
0.1438958339232781,ANOMALY,BENIGN,False
0.1438844309861997,ANOMALY,BENIGN,False
0.09490908538935294,ANOMALY,BENIGN,False
0.14306910151902297,ANOMALY,BENIGN,False
0.143398623822351,ANOMALY,BENIGN,False
0.14548660623685622,ANOMALY,BENIGN,False
0.06388268624745831,ANOMALY,BENIGN,False
0.09459692620651827,ANOMALY,BENIGN,False
0.09465945007209912,ANOMALY,BENIGN,False
0.14492319583512084,ANOMALY,BENIGN,False
0.06388787385429383,ANOMALY,BENIGN,False
0.09461237823955623,ANOMALY,BENIGN,False
0.06388749638843648,ANOMALY,BENIGN,False
0.06386019628116886,ANOMALY,BENIGN,False
0.09459457440393498,ANOMALY,BENIGN,False
0.09303787080599604,ANOMALY,BENIGN,False
0.06385983652824938,ANOMALY,BENIGN,False
0.0638607418380907,ANOMALY,BENIGN,False
0.1423780028321938,ANOMALY,BENIGN,False
0.14297784181458445,ANOMALY,BENIGN,False
0.08230025201413396,ANOMALY,BENIGN,False
0.12032656681989018,ANOMALY,BENIGN,False
0.12034015578255312,ANOMALY,BENIGN,False
0.1203440393050339,ANOMALY,BENIGN,False
0.14277566053479007,ANOMALY,BENIGN,False
0.15396585578055252,ANOMALY,BENIGN,False
0.14386870185919895,ANOMALY,BENIGN,False
0.0025024434584911466,NORMAL,BENIGN,True
0.021581773767012005,ANOMALY,BENIGN,False
0.08431975377403898,ANOMALY,BENIGN,False
0.144991974546432,ANOMALY,BENIGN,False
0.11189849565023947,ANOMALY,BENIGN,False
0.06878308351992976,ANOMALY,BENIGN,False
0.0757833732074224,ANOMALY,BENIGN,False
0.08137161129040502,ANOMALY,BENIGN,False
0.07835946627441871,ANOMALY,BENIGN,False
0.11189849565023947,ANOMALY,BENIGN,False
0.10567337590434318,ANOMALY,BENIGN,False
0.03097869464081258,ANOMALY,BENIGN,False
0.12768293812658169,ANOMALY,BENIGN,False
8.890955205470483e-06,NORMAL,BENIGN,True
0.05723557852623131,ANOMALY,BENIGN,False
0.14331578201819178,ANOMALY,BENIGN,False
0.14331621182955134,ANOMALY,BENIGN,False
0.00029697059666485817,NORMAL,BENIGN,True
0.0002969702181161292,NORMAL,BENIGN,True
0.0025024572431451867,NORMAL,BENIGN,True
0.1308346824510174,ANOMALY,BENIGN,False
0.005326065044671613,NORMAL,BENIGN,True
0.005596793458837173,NORMAL,BENIGN,True
0.05121544577563182,ANOMALY,BENIGN,False
0.0512172710797644,ANOMALY,BENIGN,False
0.1493918560080771,ANOMALY,BENIGN,False
0.0015964983222150862,NORMAL,BENIGN,True
0.14050542430668428,ANOMALY,BENIGN,False
0.14338804275923184,ANOMALY,BENIGN,False
3.6970139801715296e-05,NORMAL,BENIGN,True
3.697013980176338e-05,NORMAL,BENIGN,True
0.1357444197160302,ANOMALY,BENIGN,False
0.006597823613374512,NORMAL,BENIGN,True
0.02315450816292905,ANOMALY,BENIGN,False
8.133955987909865e-08,NORMAL,BENIGN,True
2.218197096481361e-05,NORMAL,BENIGN,True
0.03093705101363386,ANOMALY,BENIGN,False
0.1415963436791685,ANOMALY,BENIGN,False
0.010850414080632675,NORMAL,BENIGN,True
0.006020313117587333,NORMAL,BENIGN,True
0.0039726555912446915,NORMAL,BENIGN,True
0.004182605021750377,NORMAL,BENIGN,True
0.00791043150340799,NORMAL,BENIGN,True
0.04355079510477673,ANOMALY,BENIGN,False
0.0039726553938631,NORMAL,BENIGN,True
0.009275448963119423,NORMAL,BENIGN,True
0.006125420710246692,NORMAL,BENIGN,True
0.00745662738386281,NORMAL,BENIGN,True
0.005495176263990527,NORMAL,BENIGN,True
0.005967760303753496,NORMAL,BENIGN,True
0.006093373077510887,NORMAL,BENIGN,True
0.003710084750919577,NORMAL,BENIGN,True
0.0071753428546309245,NORMAL,BENIGN,True
0.006208468108495052,NORMAL,BENIGN,True
0.006650366968480306,NORMAL,BENIGN,True
0.005810214812547565,NORMAL,BENIGN,True
0.0063353228863864105,NORMAL,BENIGN,True
0.0617466272894351,ANOMALY,BENIGN,False
0.005705239633992462,NORMAL,BENIGN,True
0.0046026166115139934,NORMAL,BENIGN,True
0.012425461193964218,NORMAL,BENIGN,True
0.005127658454631941,NORMAL,BENIGN,True
0.008225403103401936,NORMAL,BENIGN,True
0.03595923882359054,ANOMALY,BENIGN,False
0.006125301769762803,NORMAL,BENIGN,True
0.01090296006804448,NORMAL,BENIGN,True
0.010745544357002,NORMAL,BENIGN,True
0.006230335413308254,NORMAL,BENIGN,True
0.008540538587841958,NORMAL,BENIGN,True
0.004130189893878348,NORMAL,BENIGN,True
0.0057577049423870865,NORMAL,BENIGN,True
0.01095555456231811,NORMAL,BENIGN,True
0.008802932557155151,NORMAL,BENIGN,True
0.006551427606663481,NORMAL,BENIGN,True
0.0029224197422837083,NORMAL,BENIGN,True
0.0067028438960113805,NORMAL,BENIGN,True
0.008330514230040768,NORMAL,BENIGN,True
0.0031324676853701564,NORMAL,BENIGN,True
0.010272907181881771,NORMAL,BENIGN,True
0.010482932697722493,NORMAL,BENIGN,True
0.00885540158673801,NORMAL,BENIGN,True
0.006230265944283003,NORMAL,BENIGN,True
0.003395019040304496,NORMAL,BENIGN,True
0.007752839605849754,NORMAL,BENIGN,True
0.009380406069480894,NORMAL,BENIGN,True
0.009747983533592746,NORMAL,BENIGN,True
0.0064928138783582855,NORMAL,BENIGN,True
0.010010408369364095,NORMAL,BENIGN,True
0.010903057040436039,NORMAL,BENIGN,True
0.008302629580316865,NORMAL,BENIGN,True
0.005757739067783272,NORMAL,BENIGN,True
0.004760154240565994,NORMAL,BENIGN,True
0.0079628366278274,NORMAL,BENIGN,True
0.007962850483866251,NORMAL,BENIGN,True
0.007910332736139374,NORMAL,BENIGN,True
0.00738538165554711,NORMAL,BENIGN,True
0.006125341064025844,NORMAL,BENIGN,True
0.003237491646476007,NORMAL,BENIGN,True
0.007962837174740786,NORMAL,BENIGN,True
0.007962843193773014,NORMAL,BENIGN,True
0.004629497370691898,NORMAL,BENIGN,True
0.008067847685804617,NORMAL,BENIGN,True
0.007962836985540817,NORMAL,BENIGN,True
0.007962837166868096,NORMAL,BENIGN,True
0.0031324680353571354,NORMAL,BENIGN,True
0.007962837157320567,NORMAL,BENIGN,True
0.004077662282160107,NORMAL,BENIGN,True
0.003552551528809939,NORMAL,BENIGN,True
0.004707705949261326,NORMAL,BENIGN,True
0.005285164951673754,NORMAL,BENIGN,True
0.005232671688155888,NORMAL,BENIGN,True
0.007595405534202647,NORMAL,BENIGN,True
0.0031324628130391797,NORMAL,BENIGN,True
0.005652722458155769,NORMAL,BENIGN,True
0.004392620509033194,NORMAL,BENIGN,True
0.07942199296167185,ANOMALY,BENIGN,False
0.0037625225224097105,NORMAL,BENIGN,True
0.006020257517578404,NORMAL,BENIGN,True
0.007595365475246835,NORMAL,BENIGN,True
0.006755291579873293,NORMAL,BENIGN,True
0.004182603389245681,NORMAL,BENIGN,True
0.006177724065244561,NORMAL,BENIGN,True
0.004235063721720692,NORMAL,BENIGN,True
0.005337693853146059,NORMAL,BENIGN,True
0.013527809874404913,NORMAL,BENIGN,True
0.004392592761922536,NORMAL,BENIGN,True
0.005232677123733389,NORMAL,BENIGN,True
0.006072754471772156,NORMAL,BENIGN,True
0.03805365002058208,ANOMALY,BENIGN,False
0.005967711923542249,NORMAL,BENIGN,True
0.0035525623245711026,NORMAL,BENIGN,True
0.004655155551447317,NORMAL,BENIGN,True
0.006230257236249914,NORMAL,BENIGN,True
0.0037625943071159813,NORMAL,BENIGN,True
0.00549517308505906,NORMAL,BENIGN,True
0.005915269531434468,NORMAL,BENIGN,True
0.007280337998999147,NORMAL,BENIGN,True
0.00392005258123826,NORMAL,BENIGN,True
0.007490360449463936,NORMAL,BENIGN,True
0.012320365169191808,NORMAL,BENIGN,True
0.009485648305688115,NORMAL,BENIGN,True
0.007227885941339954,NORMAL,BENIGN,True
0.00974792657435137,NORMAL,BENIGN,True
0.006702781199190333,NORMAL,BENIGN,True
0.005600225458604177,NORMAL,BENIGN,True
0.009117935959087626,NORMAL,BENIGN,True
0.003184979880772409,NORMAL,BENIGN,True
0.005862722849479631,NORMAL,BENIGN,True
0.011375373754342737,NORMAL,BENIGN,True
0.00596776468979577,NORMAL,BENIGN,True
0.005810252805381332,NORMAL,BENIGN,True
0.006177811874459856,NORMAL,BENIGN,True
0.0037100973682165643,NORMAL,BENIGN,True
0.006335322065893995,NORMAL,BENIGN,True
0.007280356333121812,NORMAL,BENIGN,True
0.11201327209681611,ANOMALY,BENIGN,False
0.009117872574666348,NORMAL,BENIGN,True
0.008172911255985363,NORMAL,BENIGN,True
0.005514676833089123,NORMAL,BENIGN,True
0.0060727576210775815,NORMAL,BENIGN,True
0.010850553082747152,NORMAL,BENIGN,True
0.0035525627347753022,NORMAL,BENIGN,True
0.003500050755486331,NORMAL,BENIGN,True
0.005442689971823799,NORMAL,BENIGN,True
0.004182581371530183,NORMAL,BENIGN,True
0.00566294592137172,NORMAL,BENIGN,True
0.004497686760295974,NORMAL,BENIGN,True
0.004497714509523856,NORMAL,BENIGN,True
0.0044976853711598775,NORMAL,BENIGN,True
0.004497682344136299,NORMAL,BENIGN,True
0.004497691653894398,NORMAL,BENIGN,True
0.006072757517082397,NORMAL,BENIGN,True
0.0057577114646874036,NORMAL,BENIGN,True
0.005757711697435935,NORMAL,BENIGN,True
0.005757711582487049,NORMAL,BENIGN,True
0.005495189000215319,NORMAL,BENIGN,True
0.0066239451587977675,NORMAL,BENIGN,True
0.007122811048807855,NORMAL,BENIGN,True
0.009222866609347591,NORMAL,BENIGN,True
0.006387744924752296,NORMAL,BENIGN,True
0.008540369537889968,NORMAL,BENIGN,True
0.006387744735834526,NORMAL,BENIGN,True
0.00575769075772813,NORMAL,BENIGN,True
0.0035525527866853736,NORMAL,BENIGN,True
0.007136986273689478,NORMAL,BENIGN,True
0.005390192012723228,NORMAL,BENIGN,True
0.09730476038977727,ANOMALY,BENIGN,False
0.0074903200746029635,NORMAL,BENIGN,True
0.007805522406192543,NORMAL,BENIGN,True
0.0040776622575010085,NORMAL,BENIGN,True
0.005862753861979585,NORMAL,BENIGN,True
0.007175286909920844,NORMAL,BENIGN,True
0.0056527155366616,NORMAL,BENIGN,True
0.007175294406191167,NORMAL,BENIGN,True
0.0097479632999483,NORMAL,BENIGN,True
0.006597793209688018,NORMAL,BENIGN,True
0.006125314642705027,NORMAL,BENIGN,True
0.004077583122678727,NORMAL,BENIGN,True
0.08504438049910218,ANOMALY,BENIGN,False
0.013265386890686005,NORMAL,BENIGN,True
0.014787685347431752,NORMAL,BENIGN,True
0.005839739609188257,NORMAL,BENIGN,True
0.003762609333469773,NORMAL,BENIGN,True
0.004877685000125453,NORMAL,BENIGN,True
0.008225396732129355,NORMAL,BENIGN,True
0.004873600049674095,NORMAL,BENIGN,True
0.00759532345906344,NORMAL,BENIGN,True
0.0059480475694580134,NORMAL,BENIGN,True
0.00378402996307696,NORMAL,BENIGN,True
0.006545360721817831,NORMAL,BENIGN,True
0.0032552714433396733,NORMAL,BENIGN,True
0.007858071398810838,NORMAL,BENIGN,True
0.003867541542483525,NORMAL,BENIGN,True
0.0032374854450433733,NORMAL,BENIGN,True
0.004715527812895056,NORMAL,BENIGN,True
0.007962848742246793,NORMAL,BENIGN,True
0.0030799560483991714,NORMAL,BENIGN,True
0.04637174259010005,ANOMALY,BENIGN,False
0.005714474173724576,NORMAL,BENIGN,True
0.03968235166920081,ANOMALY,BENIGN,False
0.01095539177415253,NORMAL,BENIGN,True
0.0035000502778610213,NORMAL,BENIGN,True
0.006824035746668499,NORMAL,BENIGN,True
0.00397256370657497,NORMAL,BENIGN,True
0.005757748124504943,NORMAL,BENIGN,True
0.003500050782107789,NORMAL,BENIGN,True
0.007700386761598625,NORMAL,BENIGN,True
0.0058816016817161395,NORMAL,BENIGN,True
0.004077662399278344,NORMAL,BENIGN,True
0.01804214601393393,NORMAL,BENIGN,True
0.006335250135126182,NORMAL,BENIGN,True
0.006860268849774381,NORMAL,BENIGN,True
0.00313246280768942,NORMAL,BENIGN,True
0.09057582145890139,ANOMALY,BENIGN,False
0.006912881449561869,NORMAL,BENIGN,True
0.011060391420468128,NORMAL,BENIGN,True
0.006297534412617836,NORMAL,BENIGN,True
0.003237487963204591,NORMAL,BENIGN,True
0.005127781696999317,NORMAL,BENIGN,True
0.0063878674995654595,NORMAL,BENIGN,True
0.008330383332591156,NORMAL,BENIGN,True
0.027756862804147003,ANOMALY,BENIGN,False
0.0037625223421715397,NORMAL,BENIGN,True
0.009065432667350203,NORMAL,BENIGN,True
0.0058627218391670635,NORMAL,BENIGN,True
0.008277855653306682,NORMAL,BENIGN,True
0.008645373359552047,NORMAL,BENIGN,True
0.006545268681964221,NORMAL,BENIGN,True
0.013002817006861473,NORMAL,BENIGN,True
0.007910338310226837,NORMAL,BENIGN,True
0.009537881623057342,NORMAL,BENIGN,True
0.008067860167680903,NORMAL,BENIGN,True
0.0077528448659814645,NORMAL,BENIGN,True
0.09362392975465055,ANOMALY,BENIGN,False
0.0036575854466286977,NORMAL,BENIGN,True
0.058045967726542504,ANOMALY,BENIGN,False
0.05738558125035948,ANOMALY,BENIGN,False
0.00707030063746808,NORMAL,BENIGN,True
0.0094328916525648,NORMAL,BENIGN,True
0.006125314397416022,NORMAL,BENIGN,True
0.00649303602221201,NORMAL,BENIGN,True
0.00917044083309746,NORMAL,BENIGN,True
0.009118053951246275,NORMAL,BENIGN,True
0.004695481338693705,NORMAL,BENIGN,True
0.0033776697265653433,NORMAL,BENIGN,True
0.009041479356005015,NORMAL,BENIGN,True
0.00839464434189002,NORMAL,BENIGN,True
0.14436344610439875,ANOMALY,BENIGN,False
0.020209767375892983,ANOMALY,BENIGN,False
0.00432546634616746,NORMAL,BENIGN,True
0.004707714218250835,NORMAL,BENIGN,True
0.005770054162757567,NORMAL,BENIGN,True
0.0069132279836743435,NORMAL,BENIGN,True
0.0049182211388230585,NORMAL,BENIGN,True
0.005567659025398108,NORMAL,BENIGN,True
0.005988895247679962,NORMAL,BENIGN,True
0.006913228111779604,NORMAL,BENIGN,True
0.01400094364772283,NORMAL,BENIGN,True
0.010521146397338288,NORMAL,BENIGN,True
0.005710823471825338,NORMAL,BENIGN,True
0.006913227980660269,NORMAL,BENIGN,True
0.008762291551956996,NORMAL,BENIGN,True
0.008868227446664583,NORMAL,BENIGN,True
0.0002970228670397121,NORMAL,BENIGN,True
0.002886037841868522,NORMAL,BENIGN,True
0.003428395723566886,NORMAL,BENIGN,True
0.003676748940701192,NORMAL,BENIGN,True
0.007200879718703583,NORMAL,BENIGN,True
0.0041059416214257755,NORMAL,BENIGN,True
0.00489617283242559,NORMAL,BENIGN,True
0.005416783236514504,NORMAL,BENIGN,True
0.005231415540837343,NORMAL,BENIGN,True
0.00029701363856250766,NORMAL,BENIGN,True
0.00418097463983246,NORMAL,BENIGN,True
0.007556012665526165,NORMAL,BENIGN,True
0.0042587864492370725,NORMAL,BENIGN,True
0.003304317592040018,NORMAL,BENIGN,True
0.00010081947679195264,NORMAL,BENIGN,True
0.003428395723566886,NORMAL,BENIGN,True
0.14308018353177177,ANOMALY,BENIGN,False
0.14360543408288343,ANOMALY,BENIGN,False
0.0014246249313844411,NORMAL,BENIGN,True
0.14308018353177177,ANOMALY,BENIGN,False
0.0011530854962760173,NORMAL,BENIGN,True
0.07826859162313538,ANOMALY,BENIGN,False
0.003935701772301752,NORMAL,BENIGN,True
0.0028419081283561046,NORMAL,BENIGN,True
0.003078100562187711,NORMAL,BENIGN,True
0.0029393211054750804,NORMAL,BENIGN,True
0.0025243478734485623,NORMAL,BENIGN,True
0.002855308999709479,NORMAL,BENIGN,True
0.0027283553420419868,NORMAL,BENIGN,True
0.002998995012808587,NORMAL,BENIGN,True
0.003128155827320637,NORMAL,BENIGN,True
0.002101655173077248,NORMAL,BENIGN,True
0.002802678011884175,NORMAL,BENIGN,True
0.0028155953901577114,NORMAL,BENIGN,True
0.002693129418080965,NORMAL,BENIGN,True
0.0027283553420419868,NORMAL,BENIGN,True
0.0027525402718570325,NORMAL,BENIGN,True
0.00248661293997351,NORMAL,BENIGN,True
0.0025024435861497767,NORMAL,BENIGN,True
0.14253981013153338,ANOMALY,BENIGN,False
0.07578424270833291,ANOMALY,BENIGN,False
8.20536400675751e-06,NORMAL,BENIGN,True
0.005249282156095038,NORMAL,BENIGN,True
0.0002970230383003971,NORMAL,BENIGN,True
0.0292237491131614,ANOMALY,BENIGN,False
0.002399132159583923,NORMAL,BENIGN,True
0.029217981223346904,ANOMALY,BENIGN,False
0.029216641641406846,ANOMALY,BENIGN,False
0.029217035846096365,ANOMALY,BENIGN,False
0.02913463267841118,ANOMALY,BENIGN,False
0.02913409200583361,ANOMALY,BENIGN,False
0.002399132417469903,NORMAL,BENIGN,True
0.07884985862667752,ANOMALY,BENIGN,False
0.008769554403398737,NORMAL,BENIGN,True
0.008772081140814875,NORMAL,BENIGN,True
0.008875739031951149,NORMAL,BENIGN,True
0.00029702332959704745,NORMAL,BENIGN,True
0.09344446817699184,ANOMALY,BENIGN,False
0.029964989200171294,ANOMALY,BENIGN,False
0.02997811186643212,ANOMALY,BENIGN,False
0.00029827770962327356,NORMAL,BENIGN,True
0.0002988436596857294,NORMAL,BENIGN,True
0.002398198347470799,NORMAL,BENIGN,True
2.5301554979512398e-06,NORMAL,BENIGN,True
0.002399132427089036,NORMAL,BENIGN,True
0.0033425345718864933,NORMAL,BENIGN,True
0.003874735658738852,NORMAL,BENIGN,True
0.0023991320380341613,NORMAL,BENIGN,True
0.030948337052119038,ANOMALY,BENIGN,False
0.029135211667017883,ANOMALY,BENIGN,False
0.14959768793683964,ANOMALY,BENIGN,False
0.03641840035259691,ANOMALY,BENIGN,False
0.0008525869571386329,NORMAL,BENIGN,True
0.0024039267807142773,NORMAL,BENIGN,True
0.00029828772243904993,NORMAL,BENIGN,True
0.00029828742682362706,NORMAL,BENIGN,True
0.004700331949922284,NORMAL,BENIGN,True
0.04610397406519691,ANOMALY,BENIGN,False
0.002138251398993315,NORMAL,BENIGN,True
0.003199784051366983,NORMAL,BENIGN,True
0.0034380752815435863,NORMAL,BENIGN,True
0.003903713935482791,NORMAL,BENIGN,True
0.006981673843101067,NORMAL,BENIGN,True
0.0038386944422656513,NORMAL,BENIGN,True
0.0002982895811483799,NORMAL,BENIGN,True
0.0057587087987442,NORMAL,BENIGN,True
0.0028107608841268132,NORMAL,BENIGN,True
0.002158025416464863,NORMAL,BENIGN,True
0.003775813495709865,NORMAL,BENIGN,True
0.0044290928224152,NORMAL,BENIGN,True
0.0047982963411320415,NORMAL,BENIGN,True
0.004112749298546609,NORMAL,BENIGN,True
0.002235653574941561,NORMAL,BENIGN,True
0.006981673843101067,NORMAL,BENIGN,True
0.007680696186810937,NORMAL,BENIGN,True
0.007440252274257677,NORMAL,BENIGN,True
1.8794714536147925e-05,NORMAL,BENIGN,True
1.553489645449597e-05,NORMAL,BENIGN,True
1.7319676200669743e-05,NORMAL,BENIGN,True
1.5573245920544936e-05,NORMAL,BENIGN,True
1.475939901390094e-05,NORMAL,BENIGN,True
1.5529424985039646e-05,NORMAL,BENIGN,True
1.5655713392364166e-05,NORMAL,BENIGN,True
1.70253122812958e-05,NORMAL,BENIGN,True
1.3280886486371208e-05,NORMAL,BENIGN,True
1.430823220982199e-05,NORMAL,BENIGN,True
1.3998366252127514e-05,NORMAL,BENIGN,True
1.0926113599463688e-05,NORMAL,BENIGN,True
9.771868846533546e-06,NORMAL,BENIGN,True
1.6153299747795974e-05,NORMAL,BENIGN,True
1.2055742043337833e-05,NORMAL,BENIGN,True
4.920493734356383e-07,NORMAL,BENIGN,True
0.0027002750495058246,NORMAL,BENIGN,True
0.0022031042870878253,NORMAL,BENIGN,True
0.012827660004219196,NORMAL,BENIGN,True
0.005235950097979167,NORMAL,BENIGN,True
0.00434329780925692,NORMAL,BENIGN,True
0.00276584928814576,NORMAL,BENIGN,True
0.003431370614144846,NORMAL,BENIGN,True
0.00276584928814576,NORMAL,BENIGN,True
0.14360543408288343,ANOMALY,BENIGN,False
0.044555044871276255,ANOMALY,BENIGN,False
0.08876064473691818,ANOMALY,BENIGN,False
0.08451327905859735,ANOMALY,BENIGN,False
0.04455526224012346,ANOMALY,BENIGN,False
0.0823870626475553,ANOMALY,BENIGN,False
0.004223183304050711,NORMAL,BENIGN,True
0.0009683820313823884,NORMAL,BENIGN,True
0.0018869159426483646,NORMAL,BENIGN,True
0.009399675467960868,NORMAL,BENIGN,True
0.0027002750495058246,NORMAL,BENIGN,True
0.012151582603303736,NORMAL,BENIGN,True
0.00434329780925692,NORMAL,BENIGN,True
0.0032368712414432804,NORMAL,BENIGN,True
0.0028933554972736916,NORMAL,BENIGN,True
0.0028362470880069534,NORMAL,BENIGN,True
0.004109503019390112,NORMAL,BENIGN,True
0.004262480084004697,NORMAL,BENIGN,True
0.00306311735728622,NORMAL,BENIGN,True
0.0031047949039117264,NORMAL,BENIGN,True
0.11331205478852906,ANOMALY,BENIGN,False
0.0026480716319964995,NORMAL,BENIGN,True
0.005007399475451033,NORMAL,BENIGN,True
0.004262480084004697,NORMAL,BENIGN,True
0.006871917795574944,NORMAL,BENIGN,True
0.002439720697097208,NORMAL,BENIGN,True
0.14338804275923184,ANOMALY,BENIGN,False
0.0025341322430571505,NORMAL,BENIGN,True
0.0026200123345286705,NORMAL,BENIGN,True
0.004112749298546609,NORMAL,BENIGN,True
0.004606294245991929,NORMAL,BENIGN,True
0.01647113532739478,NORMAL,BENIGN,True
0.005007399475451033,NORMAL,BENIGN,True
0.004797892997486542,NORMAL,BENIGN,True
0.002983009699580333,NORMAL,BENIGN,True
0.0027002750495058246,NORMAL,BENIGN,True
0.010492025305932162,NORMAL,BENIGN,True
0.004427223652884856,NORMAL,BENIGN,True
0.004797892997486542,NORMAL,BENIGN,True
0.00434329780925692,NORMAL,BENIGN,True
0.00434329780925692,NORMAL,BENIGN,True
0.0057587087987442,NORMAL,BENIGN,True
0.00886383965974761,NORMAL,BENIGN,True
0.1526511203497758,ANOMALY,BENIGN,False
0.0008042559598803394,NORMAL,BENIGN,True
0.11331205478852906,ANOMALY,BENIGN,False
0.003543701260542798,NORMAL,BENIGN,True
0.0034900849375736737,NORMAL,BENIGN,True
0.0034900849375736737,NORMAL,BENIGN,True
0.14341993480817453,ANOMALY,BENIGN,False
0.002403012924605984,NORMAL,BENIGN,True
0.14352919372458758,ANOMALY,BENIGN,False
0.003543701260542798,NORMAL,BENIGN,True
0.0034900849375736737,NORMAL,BENIGN,True
0.002744130512122693,NORMAL,BENIGN,True
0.005234774885610358,NORMAL,BENIGN,True
1.1520562613645269e-05,NORMAL,BENIGN,True
0.0026200123345286705,NORMAL,BENIGN,True
0.010976900747412494,NORMAL,BENIGN,True
0.0033876014150285663,NORMAL,BENIGN,True
0.15246643182137784,ANOMALY,BENIGN,False
0.15246643182137784,ANOMALY,BENIGN,False
0.13234516513840727,ANOMALY,BENIGN,False
0.0034836789321121874,NORMAL,BENIGN,True
0.004184600957275062,NORMAL,BENIGN,True
0.0028453176539588285,NORMAL,BENIGN,True
0.004427223652884856,NORMAL,BENIGN,True
0.0033876014150285663,NORMAL,BENIGN,True
0.003156059968311055,NORMAL,BENIGN,True
0.006781974347008309,NORMAL,BENIGN,True
0.003537596634390236,NORMAL,BENIGN,True
0.0027002750495058246,NORMAL,BENIGN,True
0.006981673843101067,NORMAL,BENIGN,True
0.0033876014150285663,NORMAL,BENIGN,True
0.002954336331374449,NORMAL,BENIGN,True
0.007680696186810937,NORMAL,BENIGN,True
0.006230430610606241,NORMAL,BENIGN,True
0.00287035793420421,NORMAL,BENIGN,True
0.005486265146767179,NORMAL,BENIGN,True
0.01047742924635976,NORMAL,BENIGN,True
1.2651362243598773e-05,NORMAL,BENIGN,True
0.002983009699580333,NORMAL,BENIGN,True
8.359769178616776e-06,NORMAL,BENIGN,True
0.0018958067578449629,NORMAL,BENIGN,True
0.006776100236764746,NORMAL,BENIGN,True
0.005761608899185607,NORMAL,BENIGN,True
0.14341993480817453,ANOMALY,BENIGN,False
0.11331205478852906,ANOMALY,BENIGN,False
0.14341993480817453,ANOMALY,BENIGN,False
0.0044290928224152,NORMAL,BENIGN,True
0.14963252494893176,ANOMALY,BENIGN,False
0.003543701260542798,NORMAL,BENIGN,True
0.0034380752815435863,NORMAL,BENIGN,True
0.007680696186810937,NORMAL,BENIGN,True
0.002479979282927496,NORMAL,BENIGN,True
0.005484248380958895,NORMAL,BENIGN,True
0.0037149676284100896,NORMAL,BENIGN,True
0.14527647345201466,ANOMALY,BENIGN,False
0.0024661809169645105,NORMAL,BENIGN,True
4.57936135682138e-06,NORMAL,BENIGN,True
0.002906957922149895,NORMAL,BENIGN,True
0.004262480084004697,NORMAL,BENIGN,True
0.0083897364096438,NORMAL,BENIGN,True
0.004900438041826743,NORMAL,BENIGN,True
0.0002970509860978593,NORMAL,BENIGN,True
0.00444314427774379,NORMAL,BENIGN,True
0.01537232813454956,NORMAL,BENIGN,True
0.0038386944422656513,NORMAL,BENIGN,True
0.005484248380958895,NORMAL,BENIGN,True
0.14360543408288343,ANOMALY,BENIGN,False
0.004037039900284572,NORMAL,BENIGN,True
0.0020576897850329455,NORMAL,BENIGN,True
0.000359424932884431,NORMAL,BENIGN,True
0.005358197282539742,NORMAL,BENIGN,True
0.003380600685079261,NORMAL,BENIGN,True
0.002219652898628968,NORMAL,BENIGN,True
0.0028346616060983027,NORMAL,BENIGN,True
0.0027326718631206946,NORMAL,BENIGN,True
0.00959221118810021,NORMAL,BENIGN,True
0.05125449425862932,ANOMALY,BENIGN,False
0.006062100973375775,NORMAL,BENIGN,True
0.14360543408288343,ANOMALY,BENIGN,False
0.0038341421551993144,NORMAL,BENIGN,True
0.00941945365496694,NORMAL,BENIGN,True
0.14360543408288343,ANOMALY,BENIGN,False
0.14360543408288343,ANOMALY,BENIGN,False
0.010492025305932162,NORMAL,BENIGN,True
0.006781974347008309,NORMAL,BENIGN,True
0.004797892997486542,NORMAL,BENIGN,True
4.026935186655379e-05,NORMAL,BENIGN,True
0.0011402961895137828,NORMAL,BENIGN,True
0.14338804275923184,ANOMALY,BENIGN,False
0.14352919372458758,ANOMALY,BENIGN,False
0.14352919372458758,ANOMALY,BENIGN,False
0.14352919372458758,ANOMALY,BENIGN,False
0.006776100236764746,NORMAL,BENIGN,True
0.0027770418097443433,NORMAL,BENIGN,True
0.0037149676284100896,NORMAL,BENIGN,True
0.005484248380958895,NORMAL,BENIGN,True
0.01647113532739478,NORMAL,BENIGN,True
0.003156059968311055,NORMAL,BENIGN,True
0.005618126709975048,NORMAL,BENIGN,True
0.006226112426377789,NORMAL,BENIGN,True
0.002649964739216509,NORMAL,BENIGN,True
0.0539927025917337,ANOMALY,BENIGN,False
0.14324300342888793,ANOMALY,BENIGN,False
0.0028346616060983027,NORMAL,BENIGN,True
0.0016720768788012301,NORMAL,BENIGN,True
0.14352919372458758,ANOMALY,BENIGN,False
0.11343445522687826,ANOMALY,BENIGN,False
0.001921073715369024,NORMAL,BENIGN,True
0.003970982588120801,NORMAL,BENIGN,True
0.010315371996794404,NORMAL,BENIGN,True
0.008324856264520309,NORMAL,BENIGN,True
0.0003023098509907887,NORMAL,BENIGN,True
0.15272422368273803,ANOMALY,BENIGN,False
0.002680618538365957,NORMAL,BENIGN,True
0.01114816756644682,NORMAL,BENIGN,True
0.0017452537695521184,NORMAL,BENIGN,True
0.001302249635510334,NORMAL,BENIGN,True
0.012127089920660078,NORMAL,BENIGN,True
0.002190942682768774,NORMAL,BENIGN,True
0.020337927991232088,ANOMALY,BENIGN,False
0.009872812616021121,NORMAL,BENIGN,True
0.000845483615647186,NORMAL,BENIGN,True
0.002284978231989003,NORMAL,BENIGN,True
0.14328186949997118,ANOMALY,BENIGN,False
0.009607788695173635,NORMAL,BENIGN,True
0.001873315418762519,NORMAL,BENIGN,True
8.812766588272573e-05,NORMAL,BENIGN,True
0.002744130512122693,NORMAL,BENIGN,True
0.004265047674693989,NORMAL,BENIGN,True
0.0041875102253372725,NORMAL,BENIGN,True
0.0034900849375736737,NORMAL,BENIGN,True
0.004037039900284572,NORMAL,BENIGN,True
0.00434329780925692,NORMAL,BENIGN,True
0.14360543408288343,ANOMALY,BENIGN,False
0.003380600685079261,NORMAL,BENIGN,True
0.004797892997486542,NORMAL,BENIGN,True
0.11351936764016145,ANOMALY,BENIGN,False
0.03097474160182277,ANOMALY,BENIGN,False
0.1327951972988381,ANOMALY,BENIGN,False
0.003337011806128534,NORMAL,BENIGN,True
0.00029722655237409817,NORMAL,BENIGN,True
0.1052736605779703,ANOMALY,BENIGN,False
6.274591421792426e-06,NORMAL,BENIGN,True
0.009812620515954914,NORMAL,BENIGN,True
0.009411315615035873,NORMAL,BENIGN,True
6.274781744701255e-06,NORMAL,BENIGN,True
6.2747683396726205e-06,NORMAL,BENIGN,True
0.14352919372458758,ANOMALY,BENIGN,False
0.14352919372458758,ANOMALY,BENIGN,False
0.14352919372458758,ANOMALY,BENIGN,False
6.2747534187946455e-06,NORMAL,BENIGN,True
0.01773893832827382,NORMAL,BENIGN,True
0.0038386944422656513,NORMAL,BENIGN,True
0.14352919372458758,ANOMALY,BENIGN,False
0.003970982588120801,NORMAL,BENIGN,True
0.1052736605779703,ANOMALY,BENIGN,False
0.027154612835602256,ANOMALY,BENIGN,False
6.274457628902893e-06,NORMAL,BENIGN,True
6.274661654733588e-06,NORMAL,BENIGN,True
0.14352919372458758,ANOMALY,BENIGN,False
0.0032447456426730717,NORMAL,BENIGN,True
0.1357444197160302,ANOMALY,BENIGN,False
0.00523281139050122,NORMAL,BENIGN,True
0.004602776634284746,NORMAL,BENIGN,True
0.0060562743184187275,NORMAL,BENIGN,True
0.07674249717840526,ANOMALY,BENIGN,False
0.006703258981542985,NORMAL,BENIGN,True
0.003894438689266882,NORMAL,BENIGN,True
0.004973885746245113,NORMAL,BENIGN,True
0.008593051636738932,NORMAL,BENIGN,True
0.008931423606012156,NORMAL,BENIGN,True
0.00029702338433120883,NORMAL,BENIGN,True
0.005231415540837343,NORMAL,BENIGN,True
0.005066992222047377,NORMAL,BENIGN,True
0.004097977451666679,NORMAL,BENIGN,True
0.005384946779138399,NORMAL,BENIGN,True
0.14748645013131884,ANOMALY,BENIGN,False
0.07640741767062707,ANOMALY,BENIGN,False
0.076407594967244,ANOMALY,BENIGN,False
0.07640727520971674,ANOMALY,BENIGN,False
0.07640747790821839,ANOMALY,BENIGN,False
0.1038450523053756,ANOMALY,BENIGN,False
0.15434550509808076,ANOMALY,BENIGN,False
0.0035411323435822007,NORMAL,BENIGN,True
0.07640503152636824,ANOMALY,BENIGN,False
0.14332301540026046,ANOMALY,BENIGN,False
0.1506483669589723,ANOMALY,BENIGN,False
0.10797829829106236,ANOMALY,BENIGN,False
0.12128069864925073,ANOMALY,BENIGN,False
0.003102102662550659,NORMAL,BENIGN,True
0.0018579136799212975,NORMAL,BENIGN,True
0.005685297109660556,NORMAL,BENIGN,True
0.003676748940701192,NORMAL,BENIGN,True
6.102629150699535e-06,NORMAL,BENIGN,True
0.00029698824802949574,NORMAL,BENIGN,True
0.07640637179305348,ANOMALY,BENIGN,False
0.07640522607736394,ANOMALY,BENIGN,False
0.0002969909558776843,NORMAL,BENIGN,True
0.04510663033871316,ANOMALY,BENIGN,False
0.0025612245256916035,NORMAL,BENIGN,True
0.04510662790232741,ANOMALY,BENIGN,False
0.0017987321417014875,NORMAL,BENIGN,True
0.00029700864888541255,NORMAL,BENIGN,True
0.005416783236514504,NORMAL,BENIGN,True
0.003343536318161629,NORMAL,BENIGN,True
0.004603344716887206,NORMAL,BENIGN,True
0.003989033904654672,NORMAL,BENIGN,True
0.0033961037686197535,NORMAL,BENIGN,True
0.004655898297048705,NORMAL,BENIGN,True
0.004192225067862217,NORMAL,BENIGN,True
0.0036637460162213227,NORMAL,BENIGN,True
0.004656433216893306,NORMAL,BENIGN,True
0.0037932459739537243,NORMAL,BENIGN,True
0.004782115055890348,NORMAL,BENIGN,True
0.004656432746603348,NORMAL,BENIGN,True
0.004656432630244044,NORMAL,BENIGN,True
0.0036118070853211393,NORMAL,BENIGN,True
0.0041748698027147665,NORMAL,BENIGN,True
0.003288939487533436,NORMAL,BENIGN,True
0.005023859781818786,NORMAL,BENIGN,True
0.0002970229672592089,NORMAL,BENIGN,True
0.002398794287303921,NORMAL,BENIGN,True
0.0024701161418082683,NORMAL,BENIGN,True
0.00029693095620834844,NORMAL,BENIGN,True
0.0002969309794961561,NORMAL,BENIGN,True
0.0025612245256916035,NORMAL,BENIGN,True
0.0019644551021322527,NORMAL,BENIGN,True
0.033602732743580895,ANOMALY,BENIGN,False
0.0023987939366209637,NORMAL,BENIGN,True
0.002980422899155391,NORMAL,BENIGN,True
0.0016096542805371717,NORMAL,BENIGN,True
0.030882656631432172,ANOMALY,BENIGN,False
0.030882839940469548,ANOMALY,BENIGN,False
0.030882931548446665,ANOMALY,BENIGN,False
0.030882977484299575,ANOMALY,BENIGN,False
0.04894131615006611,ANOMALY,BENIGN,False
0.00659025567700777,NORMAL,BENIGN,True
0.008739212662822076,NORMAL,BENIGN,True
0.0034355754700775595,NORMAL,BENIGN,True
0.005567290036112447,NORMAL,BENIGN,True
0.008540586048477983,NORMAL,BENIGN,True
0.007595451816895417,NORMAL,BENIGN,True
0.0029783853356323245,NORMAL,BENIGN,True
0.00029697342503266213,NORMAL,BENIGN,True
0.059354115613053864,ANOMALY,BENIGN,False
8.62972729514949e-06,NORMAL,BENIGN,True
8.626306896438948e-06,NORMAL,BENIGN,True
8.637566388223494e-06,NORMAL,BENIGN,True
8.171501394829964e-06,NORMAL,BENIGN,True
0.002398794287639185,NORMAL,BENIGN,True
8.819181444135019e-06,NORMAL,BENIGN,True
0.005235950097979167,NORMAL,BENIGN,True
8.831597471115618e-06,NORMAL,BENIGN,True
8.82974764457009e-06,NORMAL,BENIGN,True
8.831516707881818e-06,NORMAL,BENIGN,True
0.0002969296873312339,NORMAL,BENIGN,True
0.0033557715642292332,NORMAL,BENIGN,True
0.004072950849059396,NORMAL,BENIGN,True
0.0035931991589235844,NORMAL,BENIGN,True
0.14330872070550862,ANOMALY,BENIGN,False
0.14330872070550862,ANOMALY,BENIGN,False
0.004423387637867392,NORMAL,BENIGN,True
0.009607788695173635,NORMAL,BENIGN,True
0.00029694042364933847,NORMAL,BENIGN,True
0.0002969403507792905,NORMAL,BENIGN,True
0.00029694048641073546,NORMAL,BENIGN,True
0.008382483782674387,NORMAL,BENIGN,True
0.0002969299439856748,NORMAL,BENIGN,True
0.0002969401548847649,NORMAL,BENIGN,True
0.0002969404759311368,NORMAL,BENIGN,True
0.00029694033348490775,NORMAL,BENIGN,True
0.005678807385743037,NORMAL,BENIGN,True
0.003673490762304448,NORMAL,BENIGN,True
0.0037508986300704705,NORMAL,BENIGN,True
0.00564007061694855,NORMAL,BENIGN,True
0.00564007061694855,NORMAL,BENIGN,True
0.0036107275879131806,NORMAL,BENIGN,True
0.005571538922012502,NORMAL,BENIGN,True
0.0035718069131486056,NORMAL,BENIGN,True
0.0036488707020447546,NORMAL,BENIGN,True
0.0055950942509744184,NORMAL,BENIGN,True
0.00364217214246378,NORMAL,BENIGN,True
0.005585149726494439,NORMAL,BENIGN,True
0.003895998458797851,NORMAL,BENIGN,True
0.005678807385743037,NORMAL,BENIGN,True
0.0055950942509744184,NORMAL,BENIGN,True
0.0036808788870725407,NORMAL,BENIGN,True
0.005565262776027208,NORMAL,BENIGN,True
0.003895998458797851,NORMAL,BENIGN,True
0.0037204071630654793,NORMAL,BENIGN,True
0.005807051213233449,NORMAL,BENIGN,True
0.0036808788870725407,NORMAL,BENIGN,True
0.005568359319445342,NORMAL,BENIGN,True
0.0037121391556472266,NORMAL,BENIGN,True
0.0056086333302408945,NORMAL,BENIGN,True
0.0037080754625852716,NORMAL,BENIGN,True
0.0037331715076392713,NORMAL,BENIGN,True
0.061287630437654575,ANOMALY,BENIGN,False
0.005583957828975503,NORMAL,BENIGN,True
0.05121544743175153,ANOMALY,BENIGN,False
0.0013557791242614521,NORMAL,BENIGN,True
0.05121727232497079,ANOMALY,BENIGN,False
0.0013237577917077448,NORMAL,BENIGN,True
0.0035651823974640626,NORMAL,BENIGN,True
0.007819590705607445,NORMAL,BENIGN,True
8.840399287544177e-06,NORMAL,BENIGN,True
8.83821759564823e-06,NORMAL,BENIGN,True
0.00982110364443548,NORMAL,BENIGN,True
0.004223183304050711,NORMAL,BENIGN,True
8.838204472153406e-06,NORMAL,BENIGN,True
8.83819134774968e-06,NORMAL,BENIGN,True
8.83870267612618e-06,NORMAL,BENIGN,True
0.012151582603303736,NORMAL,BENIGN,True
0.003967075328424613,NORMAL,BENIGN,True
8.840047911982099e-06,NORMAL,BENIGN,True
8.840230172375376e-06,NORMAL,BENIGN,True
8.837941851095366e-06,NORMAL,BENIGN,True
0.00137236848305058,NORMAL,BENIGN,True
0.0027827395990680476,NORMAL,BENIGN,True
0.11189849565023947,ANOMALY,BENIGN,False
0.0025024474550422375,NORMAL,BENIGN,True
0.11881946214511155,ANOMALY,BENIGN,False
0.002502443510550132,NORMAL,BENIGN,True
0.0025024441410819386,NORMAL,BENIGN,True
0.03831489417329006,ANOMALY,BENIGN,False
0.11423106077381832,ANOMALY,BENIGN,False
0.1308346824510174,ANOMALY,BENIGN,False
0.15602628543332803,ANOMALY,BENIGN,False
0.0065978236684487,NORMAL,BENIGN,True
0.15602634271542498,ANOMALY,BENIGN,False
0.0002992635202911626,NORMAL,BENIGN,True
0.07814893514497633,ANOMALY,BENIGN,False
0.006072739394328342,NORMAL,BENIGN,True
0.007280303379820519,NORMAL,BENIGN,True
0.004130107871536066,NORMAL,BENIGN,True
0.0047601052629847335,NORMAL,BENIGN,True
0.008382988558589544,NORMAL,BENIGN,True
0.010850553696017454,NORMAL,BENIGN,True
0.003920031853357901,NORMAL,BENIGN,True
0.005232657522957493,NORMAL,BENIGN,True
0.005180149411988695,NORMAL,BENIGN,True
0.0039725417004373076,NORMAL,BENIGN,True
0.0052326801491284864,NORMAL,BENIGN,True
0.005352810331228161,NORMAL,BENIGN,True
0.0052326803505496275,NORMAL,BENIGN,True
0.009170440375564073,NORMAL,BENIGN,True
0.0052326804023930425,NORMAL,BENIGN,True
0.005600207426354287,NORMAL,BENIGN,True
0.007175286950249024,NORMAL,BENIGN,True
0.006072752690716908,NORMAL,BENIGN,True
0.006702783369160529,NORMAL,BENIGN,True
0.005442693437768992,NORMAL,BENIGN,True
0.007175286021451204,NORMAL,BENIGN,True
0.005705231087014039,NORMAL,BENIGN,True
0.005810217173563496,NORMAL,BENIGN,True
0.001446053501322937,NORMAL,BENIGN,True
0.020965752531511166,ANOMALY,BENIGN,False
0.010024031583580865,NORMAL,BENIGN,True
0.028805289971126597,ANOMALY,BENIGN,False
0.033568601981610637,ANOMALY,BENIGN,False
0.03357000584839606,ANOMALY,BENIGN,False
0.14338804275923184,ANOMALY,BENIGN,False
0.11327647974726977,ANOMALY,BENIGN,False
0.14441815567775543,ANOMALY,BENIGN,False
0.09192167461646701,ANOMALY,BENIGN,False
0.03356976080418062,ANOMALY,BENIGN,False
0.033656652403404444,ANOMALY,BENIGN,False
0.03365783132165476,ANOMALY,BENIGN,False
0.03348213116491825,ANOMALY,BENIGN,False
0.04848691736500681,ANOMALY,BENIGN,False
0.009396055799729328,NORMAL,BENIGN,True
0.10509207310407126,ANOMALY,BENIGN,False
0.00029829095514792537,NORMAL,BENIGN,True
0.0002982909554161929,NORMAL,BENIGN,True
0.14338804275923184,ANOMALY,BENIGN,False
0.14338804275923184,ANOMALY,BENIGN,False
0.11327647974726977,ANOMALY,BENIGN,False
0.14338804275923184,ANOMALY,BENIGN,False
0.007014830154031564,NORMAL,BENIGN,True
0.006064511344740753,NORMAL,BENIGN,True
0.007256161879782361,NORMAL,BENIGN,True
0.006913919342751549,NORMAL,BENIGN,True
0.005960995784790016,NORMAL,BENIGN,True
0.014000627737844724,NORMAL,BENIGN,True
0.010473218300761249,NORMAL,BENIGN,True
0.006913220677506763,NORMAL,BENIGN,True
0.005998749263512853,NORMAL,BENIGN,True
0.013857176651876007,NORMAL,BENIGN,True
0.0026112049040516727,NORMAL,BENIGN,True
0.006244751164939608,NORMAL,BENIGN,True
0.0039008713866442325,NORMAL,BENIGN,True
0.14947670364790022,ANOMALY,BENIGN,False
0.007925259342038868,NORMAL,BENIGN,True
0.00029702292294666314,NORMAL,BENIGN,True
0.05605401948709742,ANOMALY,BENIGN,False
0.05720326574046092,ANOMALY,BENIGN,False
6.067803702379265e-06,NORMAL,BENIGN,True
0.13930698871599598,ANOMALY,BENIGN,False
0.033570618470033085,ANOMALY,BENIGN,False
0.033570696466451416,ANOMALY,BENIGN,False
0.03357093482356286,ANOMALY,BENIGN,False
6.069717694483774e-06,NORMAL,BENIGN,True
6.059693556003714e-06,NORMAL,BENIGN,True
0.0335706852029054,ANOMALY,BENIGN,False
0.03367417496329163,ANOMALY,BENIGN,False
0.14308018353177177,ANOMALY,BENIGN,False
0.00976007128215867,NORMAL,BENIGN,True
0.002161138176497383,NORMAL,BENIGN,True
0.0027326718631206946,NORMAL,BENIGN,True
0.14996039433705294,ANOMALY,BENIGN,False
0.07102354836817318,ANOMALY,BENIGN,False
0.003286427645510202,NORMAL,BENIGN,True
0.1052736605779703,ANOMALY,BENIGN,False
0.00705352542479549,NORMAL,BENIGN,True
0.003382889545649776,NORMAL,BENIGN,True
0.0029522165572779297,NORMAL,BENIGN,True
0.07578425332663946,ANOMALY,BENIGN,False
8.06592867117854e-06,NORMAL,BENIGN,True
0.07578427731873848,ANOMALY,BENIGN,False
8.204994279827121e-06,NORMAL,BENIGN,True
0.005411197458452392,NORMAL,BENIGN,True
0.1369251343075956,ANOMALY,BENIGN,False
0.0035528330881610757,NORMAL,BENIGN,True
0.0038452000290300813,NORMAL,BENIGN,True
0.004182660519198797,NORMAL,BENIGN,True
0.05990625691184454,ANOMALY,BENIGN,False
0.006667591646518981,NORMAL,BENIGN,True
0.009242807797626708,NORMAL,BENIGN,True
0.009188435000063897,NORMAL,BENIGN,True
0.006598852378188633,NORMAL,BENIGN,True
0.0002970228728097811,NORMAL,BENIGN,True
0.034450703081661635,ANOMALY,BENIGN,False
0.04090447692188549,ANOMALY,BENIGN,False
0.006125366328019518,NORMAL,BENIGN,True
0.004865299133036742,NORMAL,BENIGN,True
0.006561230517898723,NORMAL,BENIGN,True
0.0068786721953503546,NORMAL,BENIGN,True
0.005127884737882492,NORMAL,BENIGN,True
0.006597822332563021,NORMAL,BENIGN,True
0.003980856650342666,NORMAL,BENIGN,True
0.006597822327329417,NORMAL,BENIGN,True
0.10797035886895692,ANOMALY,BENIGN,False
0.013857129533450446,NORMAL,BENIGN,True
0.002716064204207452,NORMAL,BENIGN,True
0.0029149802151928837,NORMAL,BENIGN,True
0.00029702332446836596,NORMAL,BENIGN,True
0.06095773795861204,ANOMALY,BENIGN,False
0.06097756539320057,ANOMALY,BENIGN,False
0.05655865889752142,ANOMALY,BENIGN,False
0.1536230908155189,ANOMALY,BENIGN,False
0.14352919372458758,ANOMALY,BENIGN,False
0.004265047674693989,NORMAL,BENIGN,True
0.11343445522687826,ANOMALY,BENIGN,False
0.0038386944422656513,NORMAL,BENIGN,True
0.0016860348800681988,NORMAL,BENIGN,True
7.96346542290272e-06,NORMAL,BENIGN,True
0.018447428377719073,NORMAL,BENIGN,True
0.0034836789321121874,NORMAL,BENIGN,True
0.014108920104500844,NORMAL,BENIGN,True
0.005234774885610358,NORMAL,BENIGN,True
0.00029905693412855924,NORMAL,BENIGN,True
0.010315371996794404,NORMAL,BENIGN,True
0.004262480084004697,NORMAL,BENIGN,True
0.004514440431074573,NORMAL,BENIGN,True
0.004109503019390112,NORMAL,BENIGN,True
0.005007029459051841,NORMAL,BENIGN,True
0.0026200123345286705,NORMAL,BENIGN,True
0.003431370614144846,NORMAL,BENIGN,True
2.403360080337294e-05,NORMAL,BENIGN,True
0.11351936764016145,ANOMALY,BENIGN,False
0.0023392796597380915,NORMAL,BENIGN,True
0.003967075328424613,NORMAL,BENIGN,True
0.007954755810758855,NORMAL,BENIGN,True
0.004427223652884856,NORMAL,BENIGN,True
0.013583248521940134,NORMAL,BENIGN,True
0.00169089002158525,NORMAL,BENIGN,True
0.001509127754424829,NORMAL,BENIGN,True
0.005356606153525482,NORMAL,BENIGN,True
0.0012857663605470916,NORMAL,BENIGN,True
0.0032447456426730717,NORMAL,BENIGN,True
0.0037149676284100896,NORMAL,BENIGN,True
0.0038386944422656513,NORMAL,BENIGN,True
0.002219652898628968,NORMAL,BENIGN,True
0.002954336331374449,NORMAL,BENIGN,True
0.11343445522687826,ANOMALY,BENIGN,False
0.0043455187944364225,NORMAL,BENIGN,True
0.11343445522687826,ANOMALY,BENIGN,False
0.14352919372458758,ANOMALY,BENIGN,False
0.14352919372458758,ANOMALY,BENIGN,False
0.14341993480817453,ANOMALY,BENIGN,False
0.0019375327758958658,NORMAL,BENIGN,True
0.07662502943458942,ANOMALY,BENIGN,False
8.157917888599587e-05,NORMAL,BENIGN,True
6.045636094367177e-05,NORMAL,BENIGN,True
0.0003207826840142517,NORMAL,BENIGN,True
0.001450991996275772,NORMAL,BENIGN,True
0.001314843502619974,NORMAL,BENIGN,True
0.14352919372458758,ANOMALY,BENIGN,False
0.15275435125937903,ANOMALY,BENIGN,False
0.000731128724987531,NORMAL,BENIGN,True
0.006871917795574944,NORMAL,BENIGN,True
0.005613725258350571,NORMAL,BENIGN,True
0.0016441792210106717,NORMAL,BENIGN,True
5.558878258192429e-05,NORMAL,BENIGN,True
0.0021570559298522704,NORMAL,BENIGN,True
0.14338804275923184,ANOMALY,BENIGN,False
0.0025907376812877585,NORMAL,BENIGN,True
0.11331205478852906,ANOMALY,BENIGN,False
0.13284617283529812,ANOMALY,BENIGN,False
0.0052309162883823574,NORMAL,BENIGN,True
0.0021800287764362166,NORMAL,BENIGN,True
0.14341993480817453,ANOMALY,BENIGN,False
0.00029699115038652737,NORMAL,BENIGN,True
0.002799835879721482,NORMAL,BENIGN,True
0.003770944191978249,NORMAL,BENIGN,True
0.1052736605779703,ANOMALY,BENIGN,False
0.0009632106129393624,NORMAL,BENIGN,True
8.721095721166323e-06,NORMAL,BENIGN,True
0.0041875102253372725,NORMAL,BENIGN,True
0.15272422368273803,ANOMALY,BENIGN,False
0.11327647974726977,ANOMALY,BENIGN,False
0.0024362468938815807,NORMAL,BENIGN,True
0.009796711908059199,NORMAL,BENIGN,True
0.11327647974726977,ANOMALY,BENIGN,False
0.11327647974726977,ANOMALY,BENIGN,False
8.398503499381057e-05,NORMAL,BENIGN,True
0.11162221083566326,ANOMALY,BENIGN,False
0.14338804275923184,ANOMALY,BENIGN,False
0.0016597628177598388,NORMAL,BENIGN,True
0.00434329780925692,NORMAL,BENIGN,True
0.004109503019390112,NORMAL,BENIGN,True
0.00434329780925692,NORMAL,BENIGN,True
0.010021398706541852,NORMAL,BENIGN,True
0.0002974156892414465,NORMAL,BENIGN,True
0.01647113532739478,NORMAL,BENIGN,True
0.025625649368747016,ANOMALY,BENIGN,False
0.0031916229352963064,NORMAL,BENIGN,True
0.004184600957275062,NORMAL,BENIGN,True
0.14352919372458758,ANOMALY,BENIGN,False
0.00029963085765633305,NORMAL,BENIGN,True
0.002349344540636344,NORMAL,BENIGN,True
0.0002991712515957964,NORMAL,BENIGN,True
0.009222699867414964,NORMAL,BENIGN,True
0.14947670364790022,ANOMALY,BENIGN,False
0.0035931991589235844,NORMAL,BENIGN,True
3.338944621373212e-05,NORMAL,BENIGN,True
0.002996070745008289,NORMAL,BENIGN,True
0.11351936764016145,ANOMALY,BENIGN,False
0.004699552653248806,NORMAL,BENIGN,True
0.11343445522687826,ANOMALY,BENIGN,False
0.14360543408288343,ANOMALY,BENIGN,False
0.0035931991589235844,NORMAL,BENIGN,True
0.005127787550011147,NORMAL,BENIGN,True
0.016257521495818376,NORMAL,BENIGN,True
1.995913610742342e-05,NORMAL,BENIGN,True
0.07689303757569012,ANOMALY,BENIGN,False
0.07557920203399851,ANOMALY,BENIGN,False
0.057235803872190114,ANOMALY,BENIGN,False
0.061506413157676826,ANOMALY,BENIGN,False
0.05723580908805338,ANOMALY,BENIGN,False
0.11327647974726977,ANOMALY,BENIGN,False
0.03417308530780758,ANOMALY,BENIGN,False
0.057234906932388446,ANOMALY,BENIGN,False
0.10289333892707513,ANOMALY,BENIGN,False
0.10289390848580458,ANOMALY,BENIGN,False
0.10289366156721401,ANOMALY,BENIGN,False
0.00029693113934875785,NORMAL,BENIGN,True
0.0067029086920626655,NORMAL,BENIGN,True
0.00391255876970407,NORMAL,BENIGN,True
0.008593051573376281,NORMAL,BENIGN,True
0.10323776151186204,ANOMALY,BENIGN,False
0.0571425398447568,ANOMALY,BENIGN,False
0.09334220453956854,ANOMALY,BENIGN,False
0.00029693992812912447,NORMAL,BENIGN,True
0.0002969400766185659,NORMAL,BENIGN,True
0.002607681740672135,NORMAL,BENIGN,True
0.00029702301148273695,NORMAL,BENIGN,True
0.11189849565023947,ANOMALY,BENIGN,False
6.969407356718648e-06,NORMAL,BENIGN,True
0.06328451501630729,ANOMALY,BENIGN,False
0.1440091589127234,ANOMALY,BENIGN,False
0.0936774324973913,ANOMALY,BENIGN,False
0.0622455985230928,ANOMALY,BENIGN,False
0.11189849565023947,ANOMALY,BENIGN,False
0.06339004857158835,ANOMALY,BENIGN,False
0.08524679327181378,ANOMALY,BENIGN,False
0.09623164973104462,ANOMALY,BENIGN,False
0.07958166127038221,ANOMALY,BENIGN,False
0.024325385619229197,ANOMALY,BENIGN,False
0.028591383516899778,ANOMALY,BENIGN,False
0.028591383510653236,ANOMALY,BENIGN,False
0.00029696260315506805,NORMAL,BENIGN,True
0.00029696257779313523,NORMAL,BENIGN,True
0.09353861280999454,ANOMALY,BENIGN,False
0.10159026649463865,ANOMALY,BENIGN,False
0.058370138216394696,ANOMALY,BENIGN,False
0.1043551269000759,ANOMALY,BENIGN,False
0.07088226380577216,ANOMALY,BENIGN,False
0.1043557165826477,ANOMALY,BENIGN,False
0.0023987942556631505,NORMAL,BENIGN,True
6.984518401377895e-06,NORMAL,BENIGN,True
0.0023987938860639147,NORMAL,BENIGN,True
0.002398794254575796,NORMAL,BENIGN,True
0.15128275717462697,ANOMALY,BENIGN,False
0.10091208973200103,ANOMALY,BENIGN,False
0.0054324524748951865,NORMAL,BENIGN,True
0.00320378438224107,NORMAL,BENIGN,True
0.005915399402472823,NORMAL,BENIGN,True
0.007595544264762982,NORMAL,BENIGN,True
0.005593246879174604,NORMAL,BENIGN,True
0.011637987030434649,NORMAL,BENIGN,True
0.012950444163557333,NORMAL,BENIGN,True
0.01310787592513172,NORMAL,BENIGN,True
0.007752958252384259,NORMAL,BENIGN,True
0.008750583997428745,NORMAL,BENIGN,True
0.016047612891662635,NORMAL,BENIGN,True
0.006072876511148789,NORMAL,BENIGN,True
0.006545409530837016,NORMAL,BENIGN,True
0.008256611234009835,NORMAL,BENIGN,True
0.009082203455585254,NORMAL,BENIGN,True
0.0050752580155832994,NORMAL,BENIGN,True
0.002345054271711862,NORMAL,BENIGN,True
0.006414245604753252,NORMAL,BENIGN,True
0.006388002759777459,NORMAL,BENIGN,True
0.005932516475326532,NORMAL,BENIGN,True
0.008330422886878212,NORMAL,BENIGN,True
0.007910442840493618,NORMAL,BENIGN,True
0.003395352093561913,NORMAL,BENIGN,True
0.005442903804053102,NORMAL,BENIGN,True
0.002450103141913722,NORMAL,BENIGN,True
0.005285275779857118,NORMAL,BENIGN,True
0.004235350592049564,NORMAL,BENIGN,True
0.006895934018112594,NORMAL,BENIGN,True
0.005645853383654988,NORMAL,BENIGN,True
0.0033953497381863517,NORMAL,BENIGN,True
0.002975363202973599,NORMAL,BENIGN,True
0.004917765768381653,NORMAL,BENIGN,True
0.013422795410295238,NORMAL,BENIGN,True
0.0042353104292955504,NORMAL,BENIGN,True
0.0061254473369681105,NORMAL,BENIGN,True
0.005572709058588835,NORMAL,BENIGN,True
0.0031851891034973255,NORMAL,BENIGN,True
0.005915315855379855,NORMAL,BENIGN,True
0.005705313950129471,NORMAL,BENIGN,True
0.004340360181884952,NORMAL,BENIGN,True
0.002555157032544573,NORMAL,BENIGN,True
0.006545345070073099,NORMAL,BENIGN,True
0.0038141964363873795,NORMAL,BENIGN,True
0.009170436135378747,NORMAL,BENIGN,True
0.012635444459231466,NORMAL,BENIGN,True
0.008750475045230608,NORMAL,BENIGN,True
0.0074501563173460334,NORMAL,BENIGN,True
0.008698076038461875,NORMAL,BENIGN,True
0.00770522899406065,NORMAL,BENIGN,True
0.004865249228066824,NORMAL,BENIGN,True
0.0035844994685156387,NORMAL,BENIGN,True
0.00635187640423845,NORMAL,BENIGN,True
0.006230391548898131,NORMAL,BENIGN,True
0.0032229327840135142,NORMAL,BENIGN,True
0.012005468621992685,NORMAL,BENIGN,True
0.005180265515243406,NORMAL,BENIGN,True
0.004235349785005561,NORMAL,BENIGN,True
0.004584145581420206,NORMAL,BENIGN,True
0.007490414071032409,NORMAL,BENIGN,True
0.005387456294838862,NORMAL,BENIGN,True
0.005718539394912337,NORMAL,BENIGN,True
0.0063878295872249425,NORMAL,BENIGN,True
0.010152448070992892,NORMAL,BENIGN,True
0.005705282787959823,NORMAL,BENIGN,True
0.005127798340877813,NORMAL,BENIGN,True
0.017150165102619266,NORMAL,BENIGN,True
0.011112977732579353,NORMAL,BENIGN,True
0.006440489982312425,NORMAL,BENIGN,True
0.007232131533984714,NORMAL,BENIGN,True
0.00439268228830309,NORMAL,BENIGN,True
0.002555156080687078,NORMAL,BENIGN,True
0.008700420594209746,NORMAL,BENIGN,True
0.008750537986912702,NORMAL,BENIGN,True
0.005663984901846421,NORMAL,BENIGN,True
0.006886631386540421,NORMAL,BENIGN,True
0.0024501031355171872,NORMAL,BENIGN,True
0.007184599847951456,NORMAL,BENIGN,True
0.007367890971806613,NORMAL,BENIGN,True
0.008812527783296399,NORMAL,BENIGN,True
0.005057721705934011,NORMAL,BENIGN,True
0.006125323495635172,NORMAL,BENIGN,True
0.008120580714425906,NORMAL,BENIGN,True
0.009122058913269601,NORMAL,BENIGN,True
0.009013660558537482,NORMAL,BENIGN,True
0.009013030011425817,NORMAL,BENIGN,True
0.00654535945039834,NORMAL,BENIGN,True
0.009119656173988515,NORMAL,BENIGN,True
0.0065455359852464885,NORMAL,BENIGN,True
0.014525490871894663,NORMAL,BENIGN,True
0.00759546795737686,NORMAL,BENIGN,True
0.008540584741150952,NORMAL,BENIGN,True
0.0054585127557068855,NORMAL,BENIGN,True
0.014016920622949043,NORMAL,BENIGN,True
0.01809477866562146,NORMAL,BENIGN,True
0.0029751576015146636,NORMAL,BENIGN,True
0.011595101123349034,NORMAL,BENIGN,True
0.009089043308887641,NORMAL,BENIGN,True
0.00708063147656288,NORMAL,BENIGN,True
0.03221204887652171,ANOMALY,BENIGN,False
0.03221213925846812,ANOMALY,BENIGN,False
7.556167394757448e-06,NORMAL,BENIGN,True
0.00029693970511208387,NORMAL,BENIGN,True
0.0002969413318177545,NORMAL,BENIGN,True
0.06128479099403445,ANOMALY,BENIGN,False
0.08660196179906228,ANOMALY,BENIGN,False
0.08892786323742148,ANOMALY,BENIGN,False
0.10914661776738771,ANOMALY,BENIGN,False
0.08922207358158027,ANOMALY,BENIGN,False
0.11035490615000246,ANOMALY,BENIGN,False
0.09289530300205781,ANOMALY,BENIGN,False
0.08966433243127554,ANOMALY,BENIGN,False
0.09764462213679641,ANOMALY,BENIGN,False
0.12775517764884903,ANOMALY,BENIGN,False
0.1221794058481717,ANOMALY,BENIGN,False
0.14594833251949754,ANOMALY,BENIGN,False
0.12613976585418726,ANOMALY,BENIGN,False
0.15049515783405143,ANOMALY,BENIGN,False
0.07241475821900191,ANOMALY,BENIGN,False
8.427938764741238e-06,NORMAL,BENIGN,True
0.09351283740666816,ANOMALY,BENIGN,False
0.0768217811249619,ANOMALY,BENIGN,False
8.146589627307735e-06,NORMAL,BENIGN,True
0.03478222059330659,ANOMALY,BENIGN,False
8.729091590768959e-05,NORMAL,BENIGN,True
0.0002969334660521796,NORMAL,BENIGN,True
0.04542090446772121,ANOMALY,BENIGN,False
0.01111285854064807,NORMAL,BENIGN,True
8.906598963949317e-06,NORMAL,BENIGN,True
8.906774347581054e-06,NORMAL,BENIGN,True
0.07114589987715698,ANOMALY,BENIGN,False
8.832148732030523e-06,NORMAL,BENIGN,True
0.07578353580072798,ANOMALY,BENIGN,False
0.07578346708837146,ANOMALY,BENIGN,False
8.76574295154733e-06,NORMAL,BENIGN,True
8.764037973440913e-06,NORMAL,BENIGN,True
6.966875727351094e-06,NORMAL,BENIGN,True
6.966876233924715e-06,NORMAL,BENIGN,True
6.963750601525096e-06,NORMAL,BENIGN,True
6.966870893583804e-06,NORMAL,BENIGN,True
0.10693645244323223,ANOMALY,BENIGN,False
0.10578318576022713,ANOMALY,BENIGN,False
0.1069362634112188,ANOMALY,BENIGN,False
0.10715790950283868,ANOMALY,BENIGN,False
6.972515794484428e-06,NORMAL,BENIGN,True
0.10596916792280785,ANOMALY,BENIGN,False
0.034158681239952894,ANOMALY,BENIGN,False
0.09295441391654363,ANOMALY,BENIGN,False
0.014212040901672853,NORMAL,BENIGN,True
8.87601643378899e-06,NORMAL,BENIGN,True
6.96687005839254e-06,NORMAL,BENIGN,True
0.07211073704776844,ANOMALY,BENIGN,False
0.09320759723928175,ANOMALY,BENIGN,False
0.026126120858224713,ANOMALY,BENIGN,False
0.07578471754273677,ANOMALY,BENIGN,False
0.14254265522854467,ANOMALY,BENIGN,False
8.825875723265074e-06,NORMAL,BENIGN,True
0.12000003571898686,ANOMALY,BENIGN,False
0.0757836123113039,ANOMALY,BENIGN,False
8.85953138434725e-06,NORMAL,BENIGN,True
8.946113223855599e-05,NORMAL,BENIGN,True
0.08538088372591911,ANOMALY,BENIGN,False
0.09626952635902852,ANOMALY,BENIGN,False
0.11189849565023947,ANOMALY,BENIGN,False
0.07684583449659911,ANOMALY,BENIGN,False
0.07684595573909837,ANOMALY,BENIGN,False
0.062102167026111446,ANOMALY,BENIGN,False
6.974029126728174e-06,NORMAL,BENIGN,True
0.068254934055508,ANOMALY,BENIGN,False
0.0928989184784207,ANOMALY,BENIGN,False
0.09322987172867458,ANOMALY,BENIGN,False
0.06883779690487367,ANOMALY,BENIGN,False
0.06418378756662824,ANOMALY,BENIGN,False
0.09291589941222912,ANOMALY,BENIGN,False
0.03519992466297032,ANOMALY,BENIGN,False
8.766068142280359e-06,NORMAL,BENIGN,True
6.963525500021457e-06,NORMAL,BENIGN,True
0.06061769911575968,ANOMALY,BENIGN,False
0.05837021705667115,ANOMALY,BENIGN,False
0.05837021502200891,ANOMALY,BENIGN,False
0.058370211568137674,ANOMALY,BENIGN,False
0.06368864001351791,ANOMALY,BENIGN,False
0.058384664329594715,ANOMALY,BENIGN,False
0.09788137815844133,ANOMALY,BENIGN,False
0.09171251787664288,ANOMALY,BENIGN,False
0.021297467393947608,ANOMALY,BENIGN,False
4.1993611616019355e-06,NORMAL,BENIGN,True
0.10256024680901768,ANOMALY,BENIGN,False
0.14117320399536382,ANOMALY,BENIGN,False
0.10597906394742243,ANOMALY,BENIGN,False
0.033615650163193594,ANOMALY,BENIGN,False
0.03302944217020386,ANOMALY,BENIGN,False
0.00787148334386029,NORMAL,BENIGN,True
0.06949173274992766,ANOMALY,BENIGN,False
0.06974725468033635,ANOMALY,BENIGN,False
0.0035651823974640626,NORMAL,BENIGN,True
0.06022164372877461,ANOMALY,BENIGN,False
0.07422799623515924,ANOMALY,BENIGN,False
0.07422799612462024,ANOMALY,BENIGN,False
0.061849416717869254,ANOMALY,BENIGN,False
0.03475022057891306,ANOMALY,BENIGN,False
0.07506677352863632,ANOMALY,BENIGN,False
0.07559163369669755,ANOMALY,BENIGN,False
0.005537503441990295,NORMAL,BENIGN,True
0.0037162494874005375,NORMAL,BENIGN,True
0.00564007061694855,NORMAL,BENIGN,True
0.003784014181596654,NORMAL,BENIGN,True
0.007017890466447227,NORMAL,BENIGN,True
0.005600354560209442,NORMAL,BENIGN,True
0.0036846348082789295,NORMAL,BENIGN,True
0.0036577159780242434,NORMAL,BENIGN,True
0.005566285907373008,NORMAL,BENIGN,True
0.00395663830558625,NORMAL,BENIGN,True
0.003662709050593584,NORMAL,BENIGN,True
0.005588792236685411,NORMAL,BENIGN,True
0.005664285652376615,NORMAL,BENIGN,True
0.0036488707020447546,NORMAL,BENIGN,True
0.0039023840263979663,NORMAL,BENIGN,True
0.005680975559871472,NORMAL,BENIGN,True
0.005585149726494439,NORMAL,BENIGN,True
0.003645503468583033,NORMAL,BENIGN,True
0.00393961234272147,NORMAL,BENIGN,True
0.005344398801066062,NORMAL,BENIGN,True
0.0029228377885475235,NORMAL,BENIGN,True
0.00545809205599837,NORMAL,BENIGN,True
0.006976718868036891,NORMAL,BENIGN,True
0.002922838632813624,NORMAL,BENIGN,True
0.003152370516122761,NORMAL,BENIGN,True
0.005600256689732793,NORMAL,BENIGN,True
0.0045706122882836955,NORMAL,BENIGN,True
0.005665373888815678,NORMAL,BENIGN,True
0.0037078895838466874,NORMAL,BENIGN,True
0.005429553211566673,NORMAL,BENIGN,True
0.0033221419578660645,NORMAL,BENIGN,True
0.0033415073374527616,NORMAL,BENIGN,True
0.004602748589094086,NORMAL,BENIGN,True
0.016404654108188137,NORMAL,BENIGN,True
0.005761268558061875,NORMAL,BENIGN,True
0.0031829062816860743,NORMAL,BENIGN,True
0.004052585894849171,NORMAL,BENIGN,True
0.005141646571533697,NORMAL,BENIGN,True
0.009537982270660163,NORMAL,BENIGN,True
0.003683974171017699,NORMAL,BENIGN,True
0.005789253636312069,NORMAL,BENIGN,True
0.004602824511768282,NORMAL,BENIGN,True
0.003696637646094902,NORMAL,BENIGN,True
0.003142636412818557,NORMAL,BENIGN,True
0.0037651097258381777,NORMAL,BENIGN,True
0.01121796465009517,NORMAL,BENIGN,True
0.01637090987742073,NORMAL,BENIGN,True
0.011217965378142942,NORMAL,BENIGN,True
0.003342627654891619,NORMAL,BENIGN,True
0.006689528635547472,NORMAL,BENIGN,True
0.006241579915092519,NORMAL,BENIGN,True
0.0040728865725318305,NORMAL,BENIGN,True
0.00444519564860332,NORMAL,BENIGN,True
0.004602748810358208,NORMAL,BENIGN,True
0.005252949116763433,NORMAL,BENIGN,True
0.0038318873436070143,NORMAL,BENIGN,True
0.0036051404426138333,NORMAL,BENIGN,True
0.0044452601199077854,NORMAL,BENIGN,True
0.006798634029785625,NORMAL,BENIGN,True
0.0064364265238890635,NORMAL,BENIGN,True
0.003342627705596944,NORMAL,BENIGN,True
0.004954508435213975,NORMAL,BENIGN,True
0.005415687501717649,NORMAL,BENIGN,True
0.002765233180885563,NORMAL,BENIGN,True
0.003762700079964769,NORMAL,BENIGN,True
0.002765233138541357,NORMAL,BENIGN,True
0.004602818094431088,NORMAL,BENIGN,True
0.0037627000800364426,NORMAL,BENIGN,True
0.005396741236247516,NORMAL,BENIGN,True
0.006697369924231224,NORMAL,BENIGN,True
0.0038896959456040958,NORMAL,BENIGN,True
0.004776565796565012,NORMAL,BENIGN,True
0.003738363227558178,NORMAL,BENIGN,True
0.004497790095244539,NORMAL,BENIGN,True
0.00638789996107313,NORMAL,BENIGN,True
0.00423542077502418,NORMAL,BENIGN,True
0.0033954277449634255,NORMAL,BENIGN,True
0.005694511403672263,NORMAL,BENIGN,True
0.00423542003495889,NORMAL,BENIGN,True
0.006533662480863551,NORMAL,BENIGN,True
0.004497790258964881,NORMAL,BENIGN,True
0.003404601235181041,NORMAL,BENIGN,True
0.0038200584000075977,NORMAL,BENIGN,True
0.00556424855478199,NORMAL,BENIGN,True
0.0031854354032038136,NORMAL,BENIGN,True
0.005601701308690917,NORMAL,BENIGN,True
0.0035641526617648744,NORMAL,BENIGN,True
0.005566285907373008,NORMAL,BENIGN,True
0.005694511403672263,NORMAL,BENIGN,True
0.005574804570458496,NORMAL,BENIGN,True
0.0038896959456040958,NORMAL,BENIGN,True
0.003949533672609259,NORMAL,BENIGN,True
0.0026627665568067574,NORMAL,BENIGN,True
0.0149321744972891,NORMAL,BENIGN,True
0.10951464046007103,ANOMALY,BENIGN,False
0.004427223652884856,NORMAL,BENIGN,True
0.15544200882350506,ANOMALY,BENIGN,False
0.09194600334825784,ANOMALY,BENIGN,False
0.09193811287341035,ANOMALY,BENIGN,False
0.0919376281811519,ANOMALY,BENIGN,False
0.11189849565023947,ANOMALY,BENIGN,False
0.07578339678031976,ANOMALY,BENIGN,False
0.07578339670822054,ANOMALY,BENIGN,False
0.11189849565023947,ANOMALY,BENIGN,False
0.11189849565023947,ANOMALY,BENIGN,False
0.0025024565532080372,NORMAL,BENIGN,True
0.03382909875080105,ANOMALY,BENIGN,False
0.05481022921831116,ANOMALY,BENIGN,False
0.01705943656440004,NORMAL,BENIGN,True
0.059370808329277935,ANOMALY,BENIGN,False
0.0335626276650998,ANOMALY,BENIGN,False
0.04324752601791187,ANOMALY,BENIGN,False
0.14390014700915296,ANOMALY,BENIGN,False
0.05958382579518826,ANOMALY,BENIGN,False
0.002852398917975715,NORMAL,BENIGN,True
0.004651872353331346,NORMAL,BENIGN,True
0.003770944191978249,NORMAL,BENIGN,True
3.980521429704023e-06,NORMAL,BENIGN,True
0.003866537692804808,NORMAL,BENIGN,True
0.07878970325750816,ANOMALY,BENIGN,False
0.0789962584156722,ANOMALY,BENIGN,False
0.07875495236872879,ANOMALY,BENIGN,False
0.08134451259643553,ANOMALY,BENIGN,False
0.08051201168734229,ANOMALY,BENIGN,False
0.07924482848401208,ANOMALY,BENIGN,False
0.06355010114747311,ANOMALY,BENIGN,False
0.0638894260007269,ANOMALY,BENIGN,False
0.06347323996195403,ANOMALY,BENIGN,False
0.06358017404615929,ANOMALY,BENIGN,False
0.06388065869843187,ANOMALY,BENIGN,False
0.06388070984570447,ANOMALY,BENIGN,False
0.03419738604856464,ANOMALY,BENIGN,False
0.03420076131957381,ANOMALY,BENIGN,False
0.034205228456263725,ANOMALY,BENIGN,False
0.032500051492976925,ANOMALY,BENIGN,False
0.07517660540039642,ANOMALY,BENIGN,False
0.07835946627441871,ANOMALY,BENIGN,False
0.06873106179650432,ANOMALY,BENIGN,False
0.10313285625327455,ANOMALY,BENIGN,False
0.0826874127260503,ANOMALY,BENIGN,False
0.11025887918304707,ANOMALY,BENIGN,False
0.1102573932897189,ANOMALY,BENIGN,False
0.11088173833354335,ANOMALY,BENIGN,False
0.11007498956321457,ANOMALY,BENIGN,False
0.12715568488744636,ANOMALY,BENIGN,False
0.00474821596136704,NORMAL,BENIGN,True
0.002502444643772178,NORMAL,BENIGN,True
0.002502445155931545,NORMAL,BENIGN,True
0.002502455903191827,NORMAL,BENIGN,True
0.0025024444229431093,NORMAL,BENIGN,True
0.002502445397497008,NORMAL,BENIGN,True
0.002502445519114732,NORMAL,BENIGN,True
0.07578335648961634,ANOMALY,BENIGN,False
3.697013981451966e-05,NORMAL,BENIGN,True
3.697013981454384e-05,NORMAL,BENIGN,True
0.14898773741474408,ANOMALY,BENIGN,False
0.14100539605953755,ANOMALY,BENIGN,False
0.1453448318963096,ANOMALY,BENIGN,False
0.1501426608640613,ANOMALY,BENIGN,False
0.1492438929838844,ANOMALY,BENIGN,False
0.13963429951646264,ANOMALY,BENIGN,False
0.005967750844789469,NORMAL,BENIGN,True
0.0041340228073571475,NORMAL,BENIGN,True
0.006125296561125212,NORMAL,BENIGN,True
0.002660182279543852,NORMAL,BENIGN,True
0.0054952693934994966,NORMAL,BENIGN,True
0.0031325668778459047,NORMAL,BENIGN,True
0.006072775227588976,NORMAL,BENIGN,True
0.006597817037309049,NORMAL,BENIGN,True
0.02140125409319041,ANOMALY,BENIGN,False
0.014928329667225806,NORMAL,BENIGN,True
0.14534152058484023,ANOMALY,BENIGN,False
0.012281045996484047,NORMAL,BENIGN,True
0.10534706910453481,ANOMALY,BENIGN,False
0.002662806734511828,NORMAL,BENIGN,True
0.004699552653248806,NORMAL,BENIGN,True
0.013583248521940134,NORMAL,BENIGN,True
2.21819709834245e-05,NORMAL,BENIGN,True
1.844779259314119e-05,NORMAL,BENIGN,True
0.0855368018941578,ANOMALY,BENIGN,False
0.1412559947013665,ANOMALY,BENIGN,False
0.0764105394574781,ANOMALY,BENIGN,False
0.0015771690091037015,NORMAL,BENIGN,True
0.0764072775798344,ANOMALY,BENIGN,False
0.07640944785180402,ANOMALY,BENIGN,False
0.025663915692456445,ANOMALY,BENIGN,False
0.1433190305684076,ANOMALY,BENIGN,False
0.03263871110175075,ANOMALY,BENIGN,False
0.010850554404140376,NORMAL,BENIGN,True
0.016834869603288446,NORMAL,BENIGN,True
0.005705202493314336,NORMAL,BENIGN,True
0.006545237625253165,NORMAL,BENIGN,True
0.017981472149411197,NORMAL,BENIGN,True
0.048825996919128006,ANOMALY,BENIGN,False
0.005757742432476155,NORMAL,BENIGN,True
0.009170441540289606,NORMAL,BENIGN,True
0.0037099992524480805,NORMAL,BENIGN,True
0.006072717888967539,NORMAL,BENIGN,True
0.006650249761998799,NORMAL,BENIGN,True
0.007595325107238629,NORMAL,BENIGN,True
0.007437805311552931,NORMAL,BENIGN,True
0.00593395250663545,NORMAL,BENIGN,True
0.006072781499934537,NORMAL,BENIGN,True
0.03332015404251136,ANOMALY,BENIGN,False
0.005337709673461791,NORMAL,BENIGN,True
0.004550168867528392,NORMAL,BENIGN,True
0.00549522720556259,NORMAL,BENIGN,True
0.004812698371428732,NORMAL,BENIGN,True
0.0035000506184546727,NORMAL,BENIGN,True
0.005180265554752207,NORMAL,BENIGN,True
0.00504578997443424,NORMAL,BENIGN,True
0.005028696521736234,NORMAL,BENIGN,True
0.00518016035442615,NORMAL,BENIGN,True
0.005180160499858645,NORMAL,BENIGN,True
0.003342507968376872,NORMAL,BENIGN,True
0.0050399757985326145,NORMAL,BENIGN,True
0.0065978557623052264,NORMAL,BENIGN,True
0.07657420041867391,ANOMALY,BENIGN,False
0.006650264141127196,NORMAL,BENIGN,True
0.006650264152891479,NORMAL,BENIGN,True
0.005022635359172217,NORMAL,BENIGN,True
0.005810230424783409,NORMAL,BENIGN,True
0.006125314389046021,NORMAL,BENIGN,True
0.006860324999673839,NORMAL,BENIGN,True
0.005810246643268638,NORMAL,BENIGN,True
0.005411598265866901,NORMAL,BENIGN,True
0.005075163916427451,NORMAL,BENIGN,True
0.006965307646127649,NORMAL,BENIGN,True
0.044217859108144617,ANOMALY,BENIGN,False
0.006072765441049281,NORMAL,BENIGN,True
0.039446010388533286,ANOMALY,BENIGN,False
0.006440229755939414,NORMAL,BENIGN,True
0.0061777734087511,NORMAL,BENIGN,True
0.005862761209122128,NORMAL,BENIGN,True
0.005862738336117168,NORMAL,BENIGN,True
0.007647832362930551,NORMAL,BENIGN,True
0.005915205332479393,NORMAL,BENIGN,True
0.04022496151140426,ANOMALY,BENIGN,False
0.005862738724963433,NORMAL,BENIGN,True
0.007910358382553072,NORMAL,BENIGN,True
0.006860271008806671,NORMAL,BENIGN,True
0.011217882626028635,NORMAL,BENIGN,True
0.007175282249723795,NORMAL,BENIGN,True
0.008435530147746806,NORMAL,BENIGN,True
0.032097714938421416,ANOMALY,BENIGN,False
0.005127652187507148,NORMAL,BENIGN,True
0.004077583027287528,NORMAL,BENIGN,True
0.00428762510110516,NORMAL,BENIGN,True
0.005967768259890988,NORMAL,BENIGN,True
0.039237185785490104,ANOMALY,BENIGN,False
0.03747458341636326,ANOMALY,BENIGN,False
0.008487862743627724,NORMAL,BENIGN,True
0.006597878250865284,NORMAL,BENIGN,True
0.014525286830232355,NORMAL,BENIGN,True
0.0055477065233072,NORMAL,BENIGN,True
0.035738100569831906,ANOMALY,BENIGN,False
0.005127648776798229,NORMAL,BENIGN,True
0.004760236027814819,NORMAL,BENIGN,True
0.0069128839985699445,NORMAL,BENIGN,True
0.006282772584662184,NORMAL,BENIGN,True
0.03862309329241298,ANOMALY,BENIGN,False
0.004602646530669053,NORMAL,BENIGN,True
0.003762609278885019,NORMAL,BENIGN,True
0.006177771247332906,NORMAL,BENIGN,True
0.005998835294324393,NORMAL,BENIGN,True
0.0048651761672491335,NORMAL,BENIGN,True
0.007227788221930537,NORMAL,BENIGN,True
0.00586273823758273,NORMAL,BENIGN,True
0.005862737949221209,NORMAL,BENIGN,True
0.00759531234608984,NORMAL,BENIGN,True
0.006335670283695559,NORMAL,BENIGN,True
0.009275449399762943,NORMAL,BENIGN,True
0.005915246376615832,NORMAL,BENIGN,True
0.02881244120343819,ANOMALY,BENIGN,False
0.003552562113402142,NORMAL,BENIGN,True
0.0040251513770083475,NORMAL,BENIGN,True
0.006807769079329788,NORMAL,BENIGN,True
0.006125341948272645,NORMAL,BENIGN,True
0.006650362319858142,NORMAL,BENIGN,True
0.007647823630802856,NORMAL,BENIGN,True
0.007962853704955407,NORMAL,BENIGN,True
0.007122811982526411,NORMAL,BENIGN,True
0.006860274881038706,NORMAL,BENIGN,True
0.045801553665235674,ANOMALY,BENIGN,False
0.0072803894425358005,NORMAL,BENIGN,True
0.027865050970701466,ANOMALY,BENIGN,False
0.008487898174173426,NORMAL,BENIGN,True
0.005495198417144873,NORMAL,BENIGN,True
0.006282828129134813,NORMAL,BENIGN,True
0.007122792928004932,NORMAL,BENIGN,True
0.01835708287578913,NORMAL,BENIGN,True
0.006282814407091911,NORMAL,BENIGN,True
0.006440276787430344,NORMAL,BENIGN,True
0.010692916835856024,NORMAL,BENIGN,True
0.004235105744824119,NORMAL,BENIGN,True
0.005862995444423047,NORMAL,BENIGN,True
0.0060727780471971395,NORMAL,BENIGN,True
0.005757738733425824,NORMAL,BENIGN,True
0.008278016408501603,NORMAL,BENIGN,True
0.008908033657131073,NORMAL,BENIGN,True
0.011690382964140402,NORMAL,BENIGN,True
0.006702843369030997,NORMAL,BENIGN,True
0.006125290392019948,NORMAL,BENIGN,True
0.003027440194397835,NORMAL,BENIGN,True
0.005757708677610822,NORMAL,BENIGN,True
0.006492814180179329,NORMAL,BENIGN,True
0.003605062672649469,NORMAL,BENIGN,True
0.010272894013738125,NORMAL,BENIGN,True
0.03620136047778196,ANOMALY,BENIGN,False
0.007175333177254415,NORMAL,BENIGN,True
0.007070286369433538,NORMAL,BENIGN,True
0.00607274508990589,NORMAL,BENIGN,True
0.006755308879829507,NORMAL,BENIGN,True
0.011427899003638041,NORMAL,BENIGN,True
0.006650276948321341,NORMAL,BENIGN,True
0.0057052072821120944,NORMAL,BENIGN,True
0.0047075941015093485,NORMAL,BENIGN,True
0.01452519863969414,NORMAL,BENIGN,True
0.015732525885581928,NORMAL,BENIGN,True
0.006072757545332672,NORMAL,BENIGN,True
0.004707590285215937,NORMAL,BENIGN,True
0.01793731761494788,NORMAL,BENIGN,True
0.005075177818282898,NORMAL,BENIGN,True
0.008330447886800648,NORMAL,BENIGN,True
0.00659779780763823,NORMAL,BENIGN,True
0.010955560546539645,NORMAL,BENIGN,True
0.006072736124413397,NORMAL,BENIGN,True
0.008346500131230767,NORMAL,BENIGN,True
0.006282976981147623,NORMAL,BENIGN,True
0.004917655561638138,NORMAL,BENIGN,True
0.008768215958779952,NORMAL,BENIGN,True
0.007385349312194398,NORMAL,BENIGN,True
0.007385345328127912,NORMAL,BENIGN,True
0.013527807894914277,NORMAL,BENIGN,True
0.005886546929924606,NORMAL,BENIGN,True
0.004917672001864029,NORMAL,BENIGN,True
0.028665714718258847,ANOMALY,BENIGN,False
0.0058801983029344845,NORMAL,BENIGN,True
0.009327952612930629,NORMAL,BENIGN,True
0.006965349513221515,NORMAL,BENIGN,True
0.006702832940832685,NORMAL,BENIGN,True
0.0071228179583327726,NORMAL,BENIGN,True
0.01111291485351933,NORMAL,BENIGN,True
0.010167898037339628,NORMAL,BENIGN,True
0.005936214492640113,NORMAL,BENIGN,True
0.03297505409347591,ANOMALY,BENIGN,False
0.016624943974108203,NORMAL,BENIGN,True
0.011900351458576104,NORMAL,BENIGN,True
0.004812659278532173,NORMAL,BENIGN,True
0.008330370270282729,NORMAL,BENIGN,True
0.011427909469483025,NORMAL,BENIGN,True
0.004130070097116809,NORMAL,BENIGN,True
0.006702820864204253,NORMAL,BENIGN,True
0.0030274436921647785,NORMAL,BENIGN,True
0.009327888747529461,NORMAL,BENIGN,True
0.031811441599763096,ANOMALY,BENIGN,False
0.0029224201395785803,NORMAL,BENIGN,True
0.01258286118341276,NORMAL,BENIGN,True
0.013685270322915345,NORMAL,BENIGN,True
0.008697910634918657,NORMAL,BENIGN,True
0.006020268878262623,NORMAL,BENIGN,True
0.0031324680523504124,NORMAL,BENIGN,True
0.006387784964190203,NORMAL,BENIGN,True
0.009493369630881703,NORMAL,BENIGN,True
0.003552561975880065,NORMAL,BENIGN,True
0.032809384243853636,ANOMALY,BENIGN,False
0.0091841872890292,NORMAL,BENIGN,True
0.005573383605577302,NORMAL,BENIGN,True
0.012215380127941837,NORMAL,BENIGN,True
0.00927545014438955,NORMAL,BENIGN,True
0.008404673498144402,NORMAL,BENIGN,True
0.017679326679765475,NORMAL,BENIGN,True
0.010745396557876747,NORMAL,BENIGN,True
0.007122792809394746,NORMAL,BENIGN,True
0.04146098190210629,ANOMALY,BENIGN,False
0.005862751216020113,NORMAL,BENIGN,True
0.00350004059922282,NORMAL,BENIGN,True
0.017727353998329712,NORMAL,BENIGN,True
0.009117949064681686,NORMAL,BENIGN,True
0.004235105826865287,NORMAL,BENIGN,True
0.016923931553160524,NORMAL,BENIGN,True
0.007122801831944069,NORMAL,BENIGN,True
0.008172870070212243,NORMAL,BENIGN,True
0.007122866268543908,NORMAL,BENIGN,True
0.0062373508053621025,NORMAL,BENIGN,True
0.00803577192083281,NORMAL,BENIGN,True
0.009590411038734994,NORMAL,BENIGN,True
0.0031324678813198785,NORMAL,BENIGN,True
0.009327938460458584,NORMAL,BENIGN,True
0.01789495558766432,NORMAL,BENIGN,True
0.005705219485941761,NORMAL,BENIGN,True
0.015102741918783876,NORMAL,BENIGN,True
0.007962852783169284,NORMAL,BENIGN,True
0.03325671872595069,ANOMALY,BENIGN,False
0.0069804965610809405,NORMAL,BENIGN,True
0.024019095413541507,ANOMALY,BENIGN,False
0.009170441088128397,NORMAL,BENIGN,True
0.003972550713252347,NORMAL,BENIGN,True
0.006597756179439736,NORMAL,BENIGN,True
0.004235091395928554,NORMAL,BENIGN,True
0.00570520099377458,NORMAL,BENIGN,True
0.007280305302412999,NORMAL,BENIGN,True
0.02381508964911468,ANOMALY,BENIGN,False
0.004025063275529361,NORMAL,BENIGN,True
0.014787689355635148,NORMAL,BENIGN,True
0.011532869918083959,NORMAL,BENIGN,True
0.011480370054343892,NORMAL,BENIGN,True
0.008382962984536774,NORMAL,BENIGN,True
0.011375372301780703,NORMAL,BENIGN,True
0.003447539252460458,NORMAL,BENIGN,True
0.00410534645556291,NORMAL,BENIGN,True
0.006072756363850746,NORMAL,BENIGN,True
0.003552562308304735,NORMAL,BENIGN,True
0.007595364538072317,NORMAL,BENIGN,True
0.008487981150027073,NORMAL,BENIGN,True
0.01507214257177462,NORMAL,BENIGN,True
0.12707819689332275,ANOMALY,BENIGN,False
0.0023991322072676033,NORMAL,BENIGN,True
0.0023991323181668566,NORMAL,BENIGN,True
0.028961548911128048,ANOMALY,BENIGN,False
0.002399132320997372,NORMAL,BENIGN,True
0.05325165139393886,ANOMALY,BENIGN,False
0.0023991324827107156,NORMAL,BENIGN,True
0.03359897826898248,ANOMALY,BENIGN,False
0.07645245252727682,ANOMALY,BENIGN,False
0.0688414529244427,ANOMALY,BENIGN,False
0.0679189312934439,ANOMALY,BENIGN,False
0.07612026552702288,ANOMALY,BENIGN,False
0.030569800966268074,ANOMALY,BENIGN,False
0.030568589044976776,ANOMALY,BENIGN,False
0.002399132125923165,NORMAL,BENIGN,True
0.07178595273062427,ANOMALY,BENIGN,False
0.0922392153706592,ANOMALY,BENIGN,False
0.13666079461219893,ANOMALY,BENIGN,False
0.04510662171311134,ANOMALY,BENIGN,False
0.0001467307573851536,NORMAL,BENIGN,True
0.014000478794614392,NORMAL,BENIGN,True
0.010477983817138757,NORMAL,BENIGN,True
0.008593456703173057,NORMAL,BENIGN,True
0.008888967017235886,NORMAL,BENIGN,True
0.006912915234863527,NORMAL,BENIGN,True
0.005935380161376878,NORMAL,BENIGN,True
0.014000477979334064,NORMAL,BENIGN,True
0.010491584602223557,NORMAL,BENIGN,True
0.006913227976893838,NORMAL,BENIGN,True
0.005988895247679962,NORMAL,BENIGN,True
0.006020729008487467,NORMAL,BENIGN,True
0.003396271503563896,NORMAL,BENIGN,True
0.0036483426183260867,NORMAL,BENIGN,True
0.009379670055831199,NORMAL,BENIGN,True
0.006703298145861987,NORMAL,BENIGN,True
0.004363377214369735,NORMAL,BENIGN,True
0.0056371809616609665,NORMAL,BENIGN,True
0.009353053464568937,NORMAL,BENIGN,True
0.003447699529560124,NORMAL,BENIGN,True
0.009013679475802753,NORMAL,BENIGN,True
0.0049276613945742785,NORMAL,BENIGN,True
0.004045574099604711,NORMAL,BENIGN,True
0.003672489404301549,NORMAL,BENIGN,True
0.010903280019169577,NORMAL,BENIGN,True
0.005590773296792323,NORMAL,BENIGN,True
0.005128415590546934,NORMAL,BENIGN,True
0.0039168382781068194,NORMAL,BENIGN,True
0.01079823617316182,NORMAL,BENIGN,True
0.003448570590156006,NORMAL,BENIGN,True
0.008541222019989424,NORMAL,BENIGN,True
0.003676039554249316,NORMAL,BENIGN,True
0.007807602790109343,NORMAL,BENIGN,True
0.009171281719815187,NORMAL,BENIGN,True
0.005832327558090245,NORMAL,BENIGN,True
0.014210775539247149,NORMAL,BENIGN,True
0.004533550920315499,NORMAL,BENIGN,True
0.01095580379316118,NORMAL,BENIGN,True
0.014210747806542133,NORMAL,BENIGN,True
0.0046564043158594795,NORMAL,BENIGN,True
0.004407830746711672,NORMAL,BENIGN,True
0.0053598211680111795,NORMAL,BENIGN,True
0.004277284881637857,NORMAL,BENIGN,True
0.016387545553557113,NORMAL,BENIGN,True
0.014877426364130076,NORMAL,BENIGN,True
0.004503704798642133,NORMAL,BENIGN,True
0.007018957015002095,NORMAL,BENIGN,True
0.004626409963637992,NORMAL,BENIGN,True
0.006024702681867338,NORMAL,BENIGN,True
0.007438745708523818,NORMAL,BENIGN,True
0.006650445782668868,NORMAL,BENIGN,True
0.004412952100378972,NORMAL,BENIGN,True
0.005694170193480377,NORMAL,BENIGN,True
0.004329047843172897,NORMAL,BENIGN,True
0.003990519077060161,NORMAL,BENIGN,True
0.004815079085963121,NORMAL,BENIGN,True
0.006860830517579586,NORMAL,BENIGN,True
0.007912735702249327,NORMAL,BENIGN,True
0.005764322311959754,NORMAL,BENIGN,True
0.0512142731998985,ANOMALY,BENIGN,False
0.0011849071605866542,NORMAL,BENIGN,True
0.05121607355744317,ANOMALY,BENIGN,False
0.0014114256023439774,NORMAL,BENIGN,True
0.02963302224237403,ANOMALY,BENIGN,False
0.07179937737822882,ANOMALY,BENIGN,False
0.0739059176351125,ANOMALY,BENIGN,False
0.09894543172159659,ANOMALY,BENIGN,False
0.0023991324972436655,NORMAL,BENIGN,True
0.030954170930544422,ANOMALY,BENIGN,False
0.0023981987084735383,NORMAL,BENIGN,True
0.0002982697816157482,NORMAL,BENIGN,True
0.002399132336641617,NORMAL,BENIGN,True
0.14451329705905555,ANOMALY,BENIGN,False
6.106330039186804e-06,NORMAL,BENIGN,True
0.07603481564404328,ANOMALY,BENIGN,False
0.002399132318268574,NORMAL,BENIGN,True
0.15067044391907042,ANOMALY,BENIGN,False
0.14332082530016227,ANOMALY,BENIGN,False
0.12978237121391786,ANOMALY,BENIGN,False
0.14332034594032506,ANOMALY,BENIGN,False
0.14331912700667235,ANOMALY,BENIGN,False
0.14042659851540093,ANOMALY,BENIGN,False
0.1433206722999627,ANOMALY,BENIGN,False
0.14331878699203282,ANOMALY,BENIGN,False
0.12978308597200838,ANOMALY,BENIGN,False
0.1297829280220046,ANOMALY,BENIGN,False
0.14332062495912207,ANOMALY,BENIGN,False
0.12645771386611102,ANOMALY,BENIGN,False
0.002399132493456697,NORMAL,BENIGN,True
0.0023991324935288085,NORMAL,BENIGN,True
0.1445306133346697,ANOMALY,BENIGN,False
0.14456922568468078,ANOMALY,BENIGN,False
0.14456798829280604,ANOMALY,BENIGN,False
0.14456988263746393,ANOMALY,BENIGN,False
0.14456664909328748,ANOMALY,BENIGN,False
0.14456992976174682,ANOMALY,BENIGN,False
0.002399132493447612,NORMAL,BENIGN,True
7.673012184006544e-06,NORMAL,BENIGN,True
7.424269034351658e-06,NORMAL,BENIGN,True
7.424538485095213e-06,NORMAL,BENIGN,True
7.423961770766323e-06,NORMAL,BENIGN,True
0.1433186509499035,ANOMALY,BENIGN,False
0.149012109665132,ANOMALY,BENIGN,False
0.103431235612059,ANOMALY,BENIGN,False
0.15381583524428966,ANOMALY,BENIGN,False
0.007189150125148694,NORMAL,BENIGN,True
0.003343128761285017,NORMAL,BENIGN,True
0.0002969400766185659,NORMAL,BENIGN,True
0.0033431290658227884,NORMAL,BENIGN,True
0.0027042544269655247,NORMAL,BENIGN,True
0.00029720682503827034,NORMAL,BENIGN,True
0.0027150239103700844,NORMAL,BENIGN,True
0.0002969413577552822,NORMAL,BENIGN,True
0.0023991324826657056,NORMAL,BENIGN,True
0.15283788067630677,ANOMALY,BENIGN,False
0.003709784738893878,NORMAL,BENIGN,True
0.0009387039606555517,NORMAL,BENIGN,True
0.1566160794356259,ANOMALY,BENIGN,False
0.00260750216241498,NORMAL,BENIGN,True
0.10526215648342577,ANOMALY,BENIGN,False
0.08084692137526407,ANOMALY,BENIGN,False
0.0037730681066733248,NORMAL,BENIGN,True
0.0026480777090740247,NORMAL,BENIGN,True
0.07578427991128409,ANOMALY,BENIGN,False
8.207848027689698e-06,NORMAL,BENIGN,True
0.07578428147696836,ANOMALY,BENIGN,False
8.20660499898033e-06,NORMAL,BENIGN,True
0.00029702287461765903,NORMAL,BENIGN,True
0.09234736399118783,ANOMALY,BENIGN,False
0.09246169655614088,ANOMALY,BENIGN,False
0.08141967078806478,ANOMALY,BENIGN,False
0.09610550553094811,ANOMALY,BENIGN,False
0.09141800814922166,ANOMALY,BENIGN,False
0.06996888756776565,ANOMALY,BENIGN,False
0.0843704249183296,ANOMALY,BENIGN,False
0.06997194369517246,ANOMALY,BENIGN,False
0.0765741969940808,ANOMALY,BENIGN,False
0.08258307520599151,ANOMALY,BENIGN,False
0.15351490168161636,ANOMALY,BENIGN,False
0.08200416747269261,ANOMALY,BENIGN,False
0.09242470860986263,ANOMALY,BENIGN,False
0.08221418280908452,ANOMALY,BENIGN,False
0.09246203807526773,ANOMALY,BENIGN,False
0.13452553152955854,ANOMALY,BENIGN,False
0.09245688575125423,ANOMALY,BENIGN,False
0.08178649209208533,ANOMALY,BENIGN,False
0.15658733802768707,ANOMALY,BENIGN,False
0.14349073617978167,ANOMALY,BENIGN,False
0.1444813586768922,ANOMALY,BENIGN,False
0.13686921772479663,ANOMALY,BENIGN,False
0.036246905958166674,ANOMALY,BENIGN,False
0.07702223049881153,ANOMALY,BENIGN,False
0.07485029635913851,ANOMALY,BENIGN,False
0.07591515498079066,ANOMALY,BENIGN,False
0.07485100197522032,ANOMALY,BENIGN,False
0.12054923548879418,ANOMALY,BENIGN,False
0.07600316565073009,ANOMALY,BENIGN,False
0.1566741063694521,ANOMALY,BENIGN,False
0.09147254160989948,ANOMALY,BENIGN,False
0.07864535443902491,ANOMALY,BENIGN,False
0.06874552879834842,ANOMALY,BENIGN,False
0.06875769014596257,ANOMALY,BENIGN,False
0.07485089796250433,ANOMALY,BENIGN,False
0.07618015071740397,ANOMALY,BENIGN,False
0.1382929443660877,ANOMALY,BENIGN,False
0.07650651548563824,ANOMALY,BENIGN,False
0.04510640948841667,ANOMALY,BENIGN,False
0.045106391830142874,ANOMALY,BENIGN,False
7.750212166574198e-06,NORMAL,BENIGN,True
0.04510631865282073,ANOMALY,BENIGN,False
0.04510631865452358,ANOMALY,BENIGN,False
0.00029694117345877783,NORMAL,BENIGN,True
7.644814499880343e-06,NORMAL,BENIGN,True
7.644909439359993e-06,NORMAL,BENIGN,True
0.04505423289029133,ANOMALY,BENIGN,False
0.045054232990079435,ANOMALY,BENIGN,False
1.697454122841958e-05,NORMAL,BENIGN,True
8.32452467337893e-07,NORMAL,BENIGN,True
0.00029700910772462896,NORMAL,BENIGN,True
0.0026663171051909186,NORMAL,BENIGN,True
0.004760432742094821,NORMAL,BENIGN,True
0.005308056026755128,NORMAL,BENIGN,True
0.0051804087142723,NORMAL,BENIGN,True
0.004760391303803643,NORMAL,BENIGN,True
0.005196248196172666,NORMAL,BENIGN,True
0.008702936203592,NORMAL,BENIGN,True
0.008921582440504497,NORMAL,BENIGN,True
0.008828910458603796,NORMAL,BENIGN,True
0.008945253789124604,NORMAL,BENIGN,True
0.008692281417417583,NORMAL,BENIGN,True
0.003840187384146646,NORMAL,BENIGN,True
0.006912856290746477,NORMAL,BENIGN,True
0.007255956733729912,NORMAL,BENIGN,True
0.0038658431321641185,NORMAL,BENIGN,True
0.006230275211200915,NORMAL,BENIGN,True
0.005232920786277876,NORMAL,BENIGN,True
0.0069128561312641395,NORMAL,BENIGN,True
0.005232849201085929,NORMAL,BENIGN,True
0.003713426761776534,NORMAL,BENIGN,True
0.003921416635869789,NORMAL,BENIGN,True
0.005285411302156073,NORMAL,BENIGN,True
0.00560042773905759,NORMAL,BENIGN,True
0.005666006363249922,NORMAL,BENIGN,True
0.005611193617202219,NORMAL,BENIGN,True
0.00374616450915201,NORMAL,BENIGN,True
0.0045591078448538845,NORMAL,BENIGN,True
0.004760237014603516,NORMAL,BENIGN,True
0.004366150845121923,NORMAL,BENIGN,True
0.005285367479697572,NORMAL,BENIGN,True
0.003961708914701386,NORMAL,BENIGN,True
0.0058627430451562886,NORMAL,BENIGN,True
0.007070405896498802,NORMAL,BENIGN,True
0.004712980773953148,NORMAL,BENIGN,True
0.006178255665421039,NORMAL,BENIGN,True
0.006282799480191645,NORMAL,BENIGN,True
0.005822613997327555,NORMAL,BENIGN,True
0.005495422164914028,NORMAL,BENIGN,True
0.0037319603246534342,NORMAL,BENIGN,True
0.003772516363137726,NORMAL,BENIGN,True
0.0039403076449218855,NORMAL,BENIGN,True
0.00534475918085815,NORMAL,BENIGN,True
0.006807947099343726,NORMAL,BENIGN,True
0.004833204437453695,NORMAL,BENIGN,True
0.005337751071247005,NORMAL,BENIGN,True
0.003738363227558178,NORMAL,BENIGN,True
0.006335335709627829,NORMAL,BENIGN,True
0.003940848146998564,NORMAL,BENIGN,True
0.004384121649004481,NORMAL,BENIGN,True
0.005285366833178992,NORMAL,BENIGN,True
